team,score,opp_score,run_diff,rd_running,game_count
Los Angeles Dodgers,4,1,3,3,1
Chicago Cubs,1,4,-3,-3,1
Los Angeles Dodgers,6,3,3,6,2
Chicago Cubs,3,6,-3,-6,2
Milwaukee Brewers,2,4,-2,-2,1
New York Yankees,4,2,2,2,1
Baltimore Orioles,12,2,10,10,1
Toronto Blue Jays,2,12,-10,-10,1
Boston Red Sox,5,2,3,3,1
Texas Rangers,2,5,-3,-3,1
Philadelphia Phillies,7,3,4,4,1
Washington Nationals,3,7,-4,-4,1
Cleveland Guardians,7,4,3,3,1
Kansas City Royals,4,7,-3,-3,1
New York Mets,1,3,-2,-2,1
Houston Astros,3,1,2,2,1
San Francisco Giants,6,4,2,2,1
Cincinnati Reds,4,6,-2,-2,1
Atlanta Braves,4,7,-3,-3,1
San Diego Padres,7,4,3,3,1
Los Angeles Angels,1,8,-7,-7,1
Chicago White Sox,8,1,7,7,1
Pittsburgh Pirates,4,5,-1,-1,1
Miami Marlins,5,4,1,1,1
Minnesota Twins,3,5,-2,-2,1
St. Louis Cardinals,5,3,2,2,1
Detroit Tigers,4,5,-1,-1,1
Los Angeles Dodgers,5,4,1,7,3
Chicago Cubs,10,6,4,-2,3
Arizona Diamondbacks,6,10,-4,-4,1
Athletics,2,4,-2,-2,1
Seattle Mariners,4,2,2,2,1
Colorado Rockies,2,3,-1,-1,1
Tampa Bay Rays,3,2,1,1,1
Baltimore Orioles,2,8,-6,4,2
Toronto Blue Jays,8,2,6,-4,2
Pittsburgh Pirates,4,3,1,0,2
Miami Marlins,3,4,-1,0,2
Boston Red Sox,1,4,-3,0,2
Texas Rangers,4,1,3,0,2
New York Mets,3,1,2,0,2
Houston Astros,1,3,-2,0,2
Chicago Cubs,1,8,-7,-9,4
Arizona Diamondbacks,8,1,7,3,2
Athletics,7,0,7,5,2
Seattle Mariners,0,7,-7,-5,2
Atlanta Braves,3,4,-1,-4,2
San Diego Padres,4,3,1,4,2
Detroit Tigers,5,8,-3,-4,2
Los Angeles Dodgers,8,5,3,10,4
Milwaukee Brewers,9,20,-11,-13,2
New York Yankees,20,9,11,13,2
Los Angeles Angels,1,0,1,-6,2
Chicago White Sox,0,1,-1,6,2
Minnesota Twins,1,5,-4,-6,2
St. Louis Cardinals,5,1,4,6,2
Baltimore Orioles,9,5,4,8,3
Toronto Blue Jays,5,9,-4,-8,3
Philadelphia Phillies,11,6,5,9,2
Washington Nationals,6,11,-5,-9,2
Cleveland Guardians,3,4,-1,2,2
Kansas City Royals,4,3,1,-2,2
San Francisco Giants,2,3,-1,1,2
Cincinnati Reds,3,2,1,-1,2
Colorado Rockies,2,1,1,0,2
Tampa Bay Rays,1,2,-1,0,2
Pittsburgh Pirates,4,5,-1,-1,3
Miami Marlins,5,4,1,1,3
Boston Red Sox,3,4,-1,-1,3
Texas Rangers,4,3,1,1,3
New York Mets,1,2,-1,-1,3
Houston Astros,2,1,1,1,3
Atlanta Braves,0,1,-1,-5,3
San Diego Padres,1,0,1,5,3
Chicago Cubs,4,3,1,-8,5
Arizona Diamondbacks,3,4,-1,2,3
Detroit Tigers,3,7,-4,-8,3
Los Angeles Dodgers,7,3,4,14,5
Athletics,4,2,2,7,3
Seattle Mariners,2,4,-2,-7,3
Philadelphia Phillies,1,5,-4,5,3
Washington Nationals,5,1,4,-5,3
Milwaukee Brewers,3,12,-9,-22,3
New York Yankees,12,3,9,22,3
Baltimore Orioles,1,3,-2,6,4
Toronto Blue Jays,3,1,2,-6,4
San Francisco Giants,6,3,3,4,3
Cincinnati Reds,3,6,-3,-4,3
Colorado Rockies,4,6,-2,-2,3
Tampa Bay Rays,6,4,2,2,3
Pittsburgh Pirates,2,3,-1,-2,4
Miami Marlins,3,2,1,2,4
Cleveland Guardians,6,2,4,6,3
Kansas City Royals,2,6,-4,-6,3
Los Angeles Angels,3,2,1,-5,3
Chicago White Sox,2,3,-1,5,3
Minnesota Twins,2,9,-7,-13,3
St. Louis Cardinals,9,2,7,13,3
Boston Red Sox,2,3,-1,-2,4
Texas Rangers,3,2,1,2,4
Chicago Cubs,6,10,-4,-12,6
Arizona Diamondbacks,10,6,4,6,4
Athletics,1,2,-1,6,4
Seattle Mariners,2,1,1,-6,4
Atlanta Braves,0,5,-5,-10,4
San Diego Padres,5,0,5,10,4
Minnesota Twins,0,9,-9,-22,4
Chicago White Sox,9,0,9,14,4
Kansas City Royals,11,1,10,4,4
Milwaukee Brewers,1,11,-10,-32,4
Boston Red Sox,5,8,-3,-5,5
Baltimore Orioles,8,5,3,9,5
Colorado Rockies,1,6,-5,-7,4
Philadelphia Phillies,6,1,5,10,4
Texas Rangers,3,14,-11,-9,5
Cincinnati Reds,14,3,11,7,4
New York Mets,10,4,6,5,4
Miami Marlins,4,10,-6,-4,5
Pittsburgh Pirates,1,6,-5,-7,5
Tampa Bay Rays,6,1,5,7,4
Washington Nationals,2,5,-3,-8,4
Toronto Blue Jays,5,2,3,-3,5
Los Angeles Angels,5,4,1,-4,4
St. Louis Cardinals,4,5,-1,12,4
San Francisco Giants,7,2,5,9,4
Houston Astros,2,7,-5,-4,4
Cleveland Guardians,2,7,-5,1,4
San Diego Padres,7,2,5,15,5
Detroit Tigers,9,6,3,-5,4
Seattle Mariners,6,9,-3,-9,5
Chicago Cubs,18,3,15,3,7
Athletics,3,18,-15,-9,5
Atlanta Braves,1,6,-5,-15,5
Los Angeles Dodgers,6,1,5,19,6
Texas Rangers,1,0,1,-8,6
Cincinnati Reds,0,1,-1,6,5
New York Mets,2,4,-2,3,5
Miami Marlins,4,2,2,-2,6
Pittsburgh Pirates,0,7,-7,-14,6
Tampa Bay Rays,7,0,7,14,5
Arizona Diamondbacks,7,5,2,8,5
New York Yankees,5,7,-2,20,4
Washington Nationals,3,5,-2,-10,5
Toronto Blue Jays,5,3,2,-1,6
Minnesota Twins,8,3,5,-17,5
Chicago White Sox,3,8,-5,9,5
Kansas City Royals,0,5,-5,-1,5
Milwaukee Brewers,5,0,5,-27,5
Los Angeles Angels,9,7,2,-2,5
St. Louis Cardinals,7,9,-2,10,5
San Francisco Giants,3,1,2,11,5
Houston Astros,1,3,-2,-6,5
Cleveland Guardians,0,7,-7,-6,5
San Diego Padres,7,0,7,22,6
Detroit Tigers,4,1,3,-2,5
Seattle Mariners,1,4,-3,-12,6
Chicago Cubs,7,4,3,6,8
Athletics,4,7,-3,-12,6
Atlanta Braves,1,3,-2,-17,6
Los Angeles Dodgers,3,1,2,21,7
Texas Rangers,1,0,1,-7,7
Cincinnati Reds,0,1,-1,5,6
Pittsburgh Pirates,4,2,2,-12,7
Tampa Bay Rays,2,4,-2,12,6
Kansas City Royals,2,3,-1,-2,6
Milwaukee Brewers,3,2,1,-26,6
Los Angeles Angels,5,12,-7,-9,6
St. Louis Cardinals,12,5,7,17,6
Minnesota Twins,6,1,5,-12,6
Chicago White Sox,1,6,-5,4,6
Washington Nationals,2,4,-2,-12,6
Toronto Blue Jays,4,2,2,1,7
Chicago Cubs,10,2,8,14,9
Athletics,2,10,-8,-20,7
Cleveland Guardians,2,5,-3,-9,6
San Diego Padres,5,2,3,25,7
Detroit Tigers,2,3,-1,-3,6
Seattle Mariners,3,2,1,-11,7
San Francisco Giants,6,3,3,14,6
Houston Astros,3,6,-3,-9,6
New York Mets,6,5,1,4,6
Miami Marlins,5,6,-1,-3,7
Boston Red Sox,3,0,3,-2,6
Baltimore Orioles,0,3,-3,6,6
Colorado Rockies,1,5,-4,-11,5
Philadelphia Phillies,5,1,4,14,5
Arizona Diamondbacks,4,3,1,9,6
New York Yankees,3,4,-1,19,5
Atlanta Braves,5,6,-1,-18,7
Los Angeles Dodgers,6,5,1,22,8
Boston Red Sox,8,4,4,2,7
Baltimore Orioles,4,8,-4,2,7
Colorado Rockies,1,3,-2,-13,6
Philadelphia Phillies,3,1,2,16,6
Houston Astros,5,2,3,-6,7
Minnesota Twins,2,5,-3,-15,7
Arizona Diamondbacks,7,9,-2,7,7
New York Yankees,9,7,2,21,6
Cincinnati Reds,0,1,-1,4,7
Milwaukee Brewers,1,0,1,-25,7
Chicago White Sox,4,7,-3,1,7
Detroit Tigers,7,4,3,0,7
St. Louis Cardinals,9,13,-4,13,7
Boston Red Sox,13,9,4,6,8
San Diego Padres,1,3,-2,23,8
Chicago Cubs,3,1,2,16,10
Toronto Blue Jays,0,5,-5,-4,8
New York Mets,5,0,5,9,7
Athletics,6,3,3,-17,8
Colorado Rockies,3,6,-3,-16,7
New York Yankees,9,4,5,26,7
Pittsburgh Pirates,4,9,-5,-17,8
Seattle Mariners,9,10,-1,-12,8
San Francisco Giants,10,9,1,15,7
Arizona Diamondbacks,6,4,2,9,8
Washington Nationals,4,6,-2,-14,7
Los Angeles Dodgers,2,3,-1,21,9
Philadelphia Phillies,3,2,1,17,7
Miami Marlins,0,10,-10,-13,8
Atlanta Braves,10,0,10,-8,8
Baltimore Orioles,2,8,-6,-4,8
Kansas City Royals,8,2,6,4,7
Tampa Bay Rays,2,5,-3,9,7
Texas Rangers,5,2,3,-4,8
Cincinnati Reds,2,3,-1,3,8
Milwaukee Brewers,3,2,1,-24,8
Cleveland Guardians,8,6,2,-7,7
Los Angeles Angels,6,8,-2,-11,7
Chicago White Sox,2,7,-5,-4,8
Detroit Tigers,7,2,5,5,8
Houston Astros,1,6,-5,-11,8
Minnesota Twins,6,1,5,-10,8
San Diego Padres,1,7,-6,17,9
Chicago Cubs,7,1,6,22,11
Arizona Diamondbacks,3,4,-1,8,9
Washington Nationals,4,3,1,-13,8
Los Angeles Dodgers,3,1,2,23,10
Philadelphia Phillies,1,3,-2,15,8
New York Yankees,10,4,6,32,8
Pittsburgh Pirates,4,10,-6,-23,9
Baltimore Orioles,8,1,7,3,9
Kansas City Royals,1,8,-7,-3,8
Tampa Bay Rays,4,6,-2,7,8
Texas Rangers,6,4,2,-2,9
Toronto Blue Jays,2,3,-1,-5,9
New York Mets,3,2,1,10,8
Cincinnati Reds,11,7,4,7,9
Milwaukee Brewers,7,11,-4,-28,9
Miami Marlins,4,0,4,-9,9
Atlanta Braves,0,4,-4,-12,9
Athletics,7,4,3,-14,9
Colorado Rockies,4,7,-3,-19,8
Seattle Mariners,1,4,-3,-15,9
San Francisco Giants,4,1,3,18,8
Cleveland Guardians,4,10,-6,-13,8
Los Angeles Angels,10,4,6,-5,8
Arizona Diamondbacks,4,5,-1,7,10
Washington Nationals,5,4,1,-12,9
St. Louis Cardinals,4,5,-1,12,8
Boston Red Sox,5,4,1,7,9
St. Louis Cardinals,7,18,-11,1,9
Boston Red Sox,18,7,11,18,10
Los Angeles Dodgers,7,8,-1,22,11
Philadelphia Phillies,8,7,1,16,9
New York Yankees,4,5,-1,31,9
Pittsburgh Pirates,5,4,1,-22,10
Toronto Blue Jays,1,2,-1,-6,10
New York Mets,2,1,1,11,9
Chicago White Sox,3,4,-1,-5,9
Detroit Tigers,4,3,1,6,9
Baltimore Orioles,1,4,-3,0,10
Kansas City Royals,4,1,3,0,9
Houston Astros,9,7,2,-9,9
Minnesota Twins,7,9,-2,-12,9
Cincinnati Reds,2,8,-6,1,10
Milwaukee Brewers,8,2,6,-22,10
San Diego Padres,8,7,1,18,10
Chicago Cubs,7,8,-1,21,12
Tampa Bay Rays,3,4,-1,6,9
Texas Rangers,4,3,1,-1,10
Athletics,5,12,-7,-21,10
Colorado Rockies,12,5,7,-12,9
Seattle Mariners,4,5,-1,-16,10
San Francisco Giants,5,4,1,19,9
Cleveland Guardians,2,6,-4,-17,9
Los Angeles Angels,6,2,4,-1,9
New York Yankees,2,6,-4,27,10
Detroit Tigers,6,2,4,10,10
St. Louis Cardinals,4,8,-4,-3,10
Pittsburgh Pirates,8,4,4,-18,11
Los Angeles Dodgers,4,6,-2,20,12
Washington Nationals,6,4,2,-10,10
Toronto Blue Jays,6,2,4,-2,11
Boston Red Sox,2,6,-4,14,11
Miami Marlins,0,2,-2,-11,10
New York Mets,2,0,2,13,10
Texas Rangers,0,7,-7,-8,11
Chicago Cubs,7,0,7,28,13
Minnesota Twins,2,4,-2,-14,10
Kansas City Royals,4,2,2,2,10
Baltimore Orioles,5,1,4,4,11
Arizona Diamondbacks,1,5,-4,3,11
Houston Astros,3,4,-1,-10,10
Seattle Mariners,4,3,1,-15,11
Cincinnati Reds,2,0,2,3,11
San Francisco Giants,0,2,-2,17,10
San Diego Padres,5,4,1,19,11
Athletics,4,5,-1,-22,11
New York Yankees,0,5,-5,22,11
Detroit Tigers,5,0,5,15,11
Chicago White Sox,0,1,-1,-6,10
Cleveland Guardians,1,0,1,-16,10
Miami Marlins,5,10,-5,-16,11
New York Mets,10,5,5,18,11
St. Louis Cardinals,5,3,2,-1,11
Pittsburgh Pirates,3,5,-2,-20,12
Los Angeles Dodgers,2,8,-6,14,13
Washington Nationals,8,2,6,-4,11
Toronto Blue Jays,6,1,5,3,12
Boston Red Sox,1,6,-5,9,12
Los Angeles Angels,4,3,1,0,10
Tampa Bay Rays,3,4,-1,5,10
Philadelphia Phillies,5,7,-2,14,10
Atlanta Braves,7,5,2,-10,10
Texas Rangers,6,10,-4,-12,12
Chicago Cubs,10,6,4,32,14
Minnesota Twins,1,2,-1,-15,11
Kansas City Royals,2,1,1,3,11
Milwaukee Brewers,7,1,6,-16,11
Colorado Rockies,1,7,-6,-18,10
Baltimore Orioles,3,4,-1,3,12
Arizona Diamondbacks,4,3,1,4,12
Houston Astros,2,1,1,-9,11
Seattle Mariners,1,2,-1,-16,12
Cincinnati Reds,1,0,1,4,12
San Francisco Giants,0,1,-1,16,11
San Diego Padres,4,10,-6,13,12
Athletics,10,4,6,-16,12
St. Louis Cardinals,1,2,-1,-2,12
Pittsburgh Pirates,2,1,1,-19,13
Miami Marlins,5,0,5,-11,12
New York Mets,0,5,-5,13,12
New York Yankees,4,3,1,23,12
Detroit Tigers,3,4,-1,14,12
Texas Rangers,6,2,4,-8,13
Chicago Cubs,2,6,-4,28,15
San Diego Padres,2,1,1,14,13
Athletics,1,2,-1,-17,13
Baltimore Orioles,0,9,-9,-6,13
Arizona Diamondbacks,9,0,9,13,13
Cincinnati Reds,6,8,-2,2,13
San Francisco Giants,8,6,2,18,12
Los Angeles Dodgers,6,5,1,15,14
Washington Nationals,5,6,-1,-5,12
Houston Astros,6,7,-1,-10,12
Seattle Mariners,7,6,1,-15,13
Chicago White Sox,2,3,-1,-7,11
Cleveland Guardians,3,2,1,-15,11
Toronto Blue Jays,2,1,1,4,13
Boston Red Sox,1,2,-1,8,13
Los Angeles Angels,4,5,-1,-1,11
Tampa Bay Rays,5,4,1,6,11
Philadelphia Phillies,4,3,1,15,11
Atlanta Braves,3,4,-1,-11,11
Minnesota Twins,4,0,4,-11,12
Kansas City Royals,0,4,-4,-1,12
Milwaukee Brewers,17,2,15,-1,12
Colorado Rockies,2,17,-15,-33,11
Los Angeles Angels,11,1,10,9,12
Tampa Bay Rays,1,11,-10,-4,12
Chicago White Sox,1,6,-5,-12,12
Cleveland Guardians,6,1,5,-10,12
Minnesota Twins,2,3,-1,-12,13
Kansas City Royals,3,2,1,0,13
Milwaukee Brewers,2,7,-5,-6,13
Colorado Rockies,7,2,5,-28,12
Toronto Blue Jays,3,4,-1,3,14
Boston Red Sox,4,3,1,9,14
Philadelphia Phillies,2,4,-2,13,12
Atlanta Braves,4,2,2,-9,12
Kansas City Royals,0,7,-7,-7,14
Cleveland Guardians,7,0,7,-3,13
Pittsburgh Pirates,3,5,-2,-21,14
Cincinnati Reds,5,3,2,4,14
Atlanta Braves,3,6,-3,-12,13
Tampa Bay Rays,6,3,3,-1,13
San Francisco Giants,9,1,8,26,13
New York Yankees,1,9,-8,15,13
Washington Nationals,7,4,3,-2,13
Miami Marlins,4,7,-3,-14,13
Boston Red Sox,1,11,-10,-1,15
Chicago White Sox,11,1,10,-2,13
Los Angeles Angels,3,14,-11,-2,13
Houston Astros,14,3,11,1,13
Detroit Tigers,7,6,1,15,13
Minnesota Twins,6,7,-1,-13,14
Philadelphia Phillies,0,2,-2,11,13
St. Louis Cardinals,2,0,2,0,13
Colorado Rockies,0,8,-8,-36,13
San Diego Padres,8,0,8,22,14
Texas Rangers,3,5,-2,-10,14
Seattle Mariners,5,3,2,-13,14
Milwaukee Brewers,7,0,7,1,14
Arizona Diamondbacks,0,7,-7,6,14
New York Mets,7,6,1,14,13
Athletics,6,7,-1,-18,14
Chicago Cubs,0,3,-3,25,16
Los Angeles Dodgers,3,0,3,18,15
Detroit Tigers,4,0,4,19,14
Minnesota Twins,0,4,-4,-17,15
Philadelphia Phillies,4,1,3,14,14
St. Louis Cardinals,1,4,-3,-3,14
San Francisco Giants,4,8,-4,22,14
New York Yankees,8,4,4,19,14
New York Mets,1,3,-2,12,14
Athletics,3,1,2,-16,15
Toronto Blue Jays,4,5,-1,2,15
Baltimore Orioles,5,4,1,-5,14
Atlanta Braves,5,4,1,-11,14
Tampa Bay Rays,4,5,-1,-2,14
Boston Red Sox,2,3,-1,-2,16
Chicago White Sox,3,2,1,-1,14
Washington Nationals,6,7,-1,-3,14
Miami Marlins,7,6,1,-13,14
Kansas City Royals,3,6,-3,-10,15
Cleveland Guardians,6,3,3,0,14
Pittsburgh Pirates,2,5,-3,-24,15
Cincinnati Reds,5,2,3,7,15
Los Angeles Angels,4,1,3,1,14
Houston Astros,1,4,-3,-2,14
Milwaukee Brewers,4,5,-1,0,15
Arizona Diamondbacks,5,4,1,7,15
Colorado Rockies,0,2,-2,-38,14
San Diego Padres,2,0,2,24,15
Chicago Cubs,16,0,16,41,17
Los Angeles Dodgers,0,16,-16,2,16
Texas Rangers,2,9,-7,-17,15
Seattle Mariners,9,2,7,-6,15
Toronto Blue Jays,7,6,1,3,16
Baltimore Orioles,6,7,-1,-6,15
San Francisco Giants,5,4,1,23,15
New York Yankees,4,5,-1,18,15
Kansas City Royals,4,2,2,-8,16
Cleveland Guardians,2,4,-2,-2,15
Pittsburgh Pirates,0,4,-4,-28,16
Cincinnati Reds,4,0,4,11,16
Atlanta Braves,3,8,-5,-16,15
Tampa Bay Rays,8,3,5,3,15
Washington Nationals,4,11,-7,-10,15
Miami Marlins,11,4,7,-6,15
Los Angeles Angels,3,7,-4,-3,15
Houston Astros,7,3,4,2,15
Detroit Tigers,1,5,-4,15,15
Minnesota Twins,5,1,4,-13,16
Boston Red Sox,3,1,2,0,17
Chicago White Sox,1,3,-2,-3,15
Philadelphia Phillies,0,7,-7,7,15
St. Louis Cardinals,7,0,7,4,15
New York Mets,8,0,8,20,15
Athletics,0,8,-8,-24,16
Colorado Rockies,0,6,-6,-44,15
San Diego Padres,6,0,6,30,16
Texas Rangers,1,3,-2,-19,16
Seattle Mariners,3,1,2,-4,16
Milwaukee Brewers,2,5,-3,-3,16
Arizona Diamondbacks,5,2,3,10,16
Chicago Cubs,4,2,2,43,18
Los Angeles Dodgers,2,4,-2,0,17
Washington Nationals,3,10,-7,-17,16
Pittsburgh Pirates,10,3,7,-21,17
San Francisco Giants,10,4,6,29,16
Philadelphia Phillies,4,10,-6,1,16
Boston Red Sox,1,16,-15,-15,18
Tampa Bay Rays,16,1,15,18,16
Kansas City Royals,1,4,-3,-11,17
New York Yankees,4,1,3,21,16
Atlanta Braves,8,4,4,-12,16
Toronto Blue Jays,4,8,-4,-1,17
New York Mets,5,1,4,24,16
Minnesota Twins,1,5,-4,-17,17
Detroit Tigers,9,1,8,23,16
Milwaukee Brewers,1,9,-8,-11,17
Houston Astros,3,8,-5,-3,16
St. Louis Cardinals,8,3,5,9,16
Chicago Cubs,4,10,-6,37,19
San Diego Padres,10,4,6,36,17
Colorado Rockies,3,5,-2,-46,16
Los Angeles Dodgers,5,3,2,2,18
Washington Nationals,3,0,3,-14,17
Pittsburgh Pirates,0,3,-3,-24,18
Seattle Mariners,4,8,-4,-8,17
Cincinnati Reds,8,4,4,15,17
Arizona Diamondbacks,10,4,6,16,17
Miami Marlins,4,10,-6,-12,16
San Francisco Giants,4,6,-2,27,17
Philadelphia Phillies,6,4,2,3,17
Cleveland Guardians,6,3,3,1,16
Baltimore Orioles,3,6,-3,-9,16
Boston Red Sox,7,4,3,-12,19
Tampa Bay Rays,4,7,-3,15,17
Kansas City Royals,2,4,-2,-13,18
New York Yankees,4,2,2,23,17
Atlanta Braves,3,6,-3,-15,17
Toronto Blue Jays,6,3,3,2,18
New York Mets,3,6,-3,21,17
Minnesota Twins,6,3,3,-14,18
Athletics,12,3,9,-15,17
Chicago White Sox,3,12,-9,-12,16
Detroit Tigers,0,5,-5,18,17
Milwaukee Brewers,5,0,5,-6,18
Houston Astros,2,0,2,-1,17
St. Louis Cardinals,0,2,-2,7,17
Los Angeles Angels,0,4,-4,-7,16
Texas Rangers,4,0,4,-15,17
Chicago Cubs,2,1,1,38,20
San Diego Padres,1,2,-1,35,18
Colorado Rockies,2,6,-4,-50,17
Los Angeles Dodgers,6,2,4,6,19
Atlanta Braves,1,3,-2,-17,18
Toronto Blue Jays,3,1,2,4,19
New York Mets,3,4,-1,20,18
Minnesota Twins,4,3,1,-13,19
Detroit Tigers,1,5,-4,14,18
Milwaukee Brewers,5,1,4,-2,19
Houston Astros,1,4,-3,-4,18
St. Louis Cardinals,4,1,3,10,18
Chicago Cubs,2,4,-2,36,21
San Diego Padres,4,2,2,37,19
Cleveland Guardians,1,9,-8,-7,17
Baltimore Orioles,9,1,8,-1,17
Washington Nationals,1,6,-5,-19,18
Pittsburgh Pirates,6,1,5,-19,19
Seattle Mariners,5,3,2,-6,18
Cincinnati Reds,3,5,-2,13,18
Arizona Diamondbacks,6,2,4,20,18
Miami Marlins,2,6,-4,-16,17
San Francisco Giants,11,4,7,34,18
Philadelphia Phillies,4,11,-7,-4,18
Boston Red Sox,1,0,1,-11,20
Tampa Bay Rays,0,1,-1,14,18
Kansas City Royals,3,4,-1,-14,19
New York Yankees,4,3,1,24,18
Athletics,3,1,2,-13,18
Chicago White Sox,1,3,-2,-14,17
Los Angeles Angels,1,3,-2,-9,17
Texas Rangers,3,1,2,-13,18
Colorado Rockies,7,8,-1,-51,18
Los Angeles Dodgers,8,7,1,7,20
Arizona Diamondbacks,6,4,2,22,19
Miami Marlins,4,6,-2,-18,18
Washington Nationals,0,1,-1,-20,19
Pittsburgh Pirates,1,0,1,-18,20
Seattle Mariners,11,7,4,-2,19
Cincinnati Reds,7,11,-4,9,19
Athletics,8,0,8,-5,19
Chicago White Sox,0,8,-8,-22,18
San Francisco Giants,4,6,-2,32,19
Philadelphia Phillies,6,4,2,-2,19
Cleveland Guardians,2,6,-4,-11,18
Baltimore Orioles,6,2,4,3,18
Kansas City Royals,1,6,-5,-19,20
Detroit Tigers,6,1,5,19,19
New York Yankees,6,3,3,27,19
Tampa Bay Rays,3,6,-3,11,19
St. Louis Cardinals,1,4,-3,7,19
New York Mets,4,1,3,23,19
Los Angeles Angels,3,5,-2,-11,18
Texas Rangers,5,3,2,-11,19
Arizona Diamondbacks,11,13,-2,20,20
Chicago Cubs,13,11,2,38,22
Kansas City Royals,3,7,-4,-23,21
Detroit Tigers,7,3,4,23,20
Cleveland Guardians,10,7,3,-8,19
Pittsburgh Pirates,7,10,-3,-21,21
Miami Marlins,2,7,-5,-23,19
Philadelphia Phillies,7,2,5,3,20
Cincinnati Reds,8,3,5,14,20
Baltimore Orioles,3,8,-5,-2,19
New York Yankees,1,0,1,28,20
Tampa Bay Rays,0,1,-1,10,20
Seattle Mariners,1,3,-2,-4,20
Toronto Blue Jays,3,1,2,6,20
St. Louis Cardinals,4,5,-1,6,20
New York Mets,5,4,1,24,20
Chicago White Sox,3,10,-7,-29,19
Boston Red Sox,10,3,7,-4,21
Minnesota Twins,4,6,-2,-15,20
Atlanta Braves,6,4,2,-15,19
Los Angeles Dodgers,3,0,3,10,21
Texas Rangers,0,3,-3,-14,20
San Diego Padres,4,6,-2,35,20
Houston Astros,6,4,2,-2,19
Athletics,3,5,-2,-7,20
Milwaukee Brewers,5,3,2,0,20
San Francisco Giants,0,2,-2,30,20
Los Angeles Angels,2,0,2,-9,19
Miami Marlins,10,11,-1,-24,20
Philadelphia Phillies,11,10,1,4,21
Kansas City Royals,1,3,-2,-25,22
Detroit Tigers,3,1,2,25,21
Arizona Diamondbacks,2,6,-4,16,21
Chicago Cubs,6,2,4,42,23
Seattle Mariners,8,4,4,0,21
Toronto Blue Jays,4,8,-4,2,21
Cincinnati Reds,5,9,-4,10,21
Baltimore Orioles,9,5,4,2,20
Cleveland Guardians,3,0,3,-5,20
Pittsburgh Pirates,0,3,-3,-24,22
St. Louis Cardinals,0,3,-3,3,21
New York Mets,3,0,3,27,21
Los Angeles Dodgers,3,4,-1,9,22
Texas Rangers,4,3,1,-13,21
Washington Nationals,12,11,1,-19,20
Colorado Rockies,11,12,-1,-52,19
Chicago White Sox,3,4,-1,-30,20
Boston Red Sox,4,3,1,-3,22
New York Yankees,8,10,-2,26,21
Tampa Bay Rays,10,8,2,12,21
San Diego Padres,2,3,-1,34,21
Houston Astros,3,2,1,-1,20
Athletics,3,1,2,-5,21
Milwaukee Brewers,1,3,-2,-2,21
Minnesota Twins,3,4,-1,-16,21
Atlanta Braves,4,3,1,-14,20
San Francisco Giants,3,2,1,31,21
Los Angeles Angels,2,3,-1,-10,20
Cincinnati Reds,24,2,22,32,22
Baltimore Orioles,2,24,-22,-20,21
Cleveland Guardians,5,4,1,-4,21
Pittsburgh Pirates,4,5,-1,-25,23
Minnesota Twins,2,6,-4,-20,22
Atlanta Braves,6,2,4,-10,21
Chicago White Sox,8,4,4,-26,21
Boston Red Sox,4,8,-4,-7,23
Miami Marlins,7,5,2,-22,21
Philadelphia Phillies,5,7,-2,2,22
Seattle Mariners,8,3,5,5,22
Toronto Blue Jays,3,8,-5,-3,22
Kansas City Royals,4,3,1,-24,23
Detroit Tigers,3,4,-1,24,22
St. Louis Cardinals,4,7,-3,0,22
New York Mets,7,4,3,30,22
New York Yankees,4,0,4,30,22
Tampa Bay Rays,0,4,-4,8,22
Athletics,1,14,-13,-18,22
Milwaukee Brewers,14,1,13,11,22
Arizona Diamondbacks,3,2,1,17,22
Chicago Cubs,2,3,-1,41,24
Los Angeles Dodgers,1,0,1,10,23
Texas Rangers,0,1,-1,-14,22
Washington Nationals,3,2,1,-18,21
Colorado Rockies,2,3,-1,-53,20
Washington Nationals,1,3,-2,-20,22
Colorado Rockies,3,1,2,-51,21
San Francisco Giants,4,5,-1,30,22
Los Angeles Angels,5,4,1,-9,21
San Diego Padres,3,2,1,35,22
Houston Astros,2,3,-1,-2,21
Chicago White Sox,2,4,-2,-28,22
Boston Red Sox,4,2,2,-5,24
New York Yankees,4,6,-2,28,23
Cleveland Guardians,6,4,2,-2,22
San Diego Padres,4,6,-2,33,23
Detroit Tigers,6,4,2,26,23
Cincinnati Reds,3,6,-3,29,23
Miami Marlins,6,3,3,-19,22
Philadelphia Phillies,4,5,-1,1,23
New York Mets,5,4,1,31,23
St. Louis Cardinals,6,7,-1,-1,23
Atlanta Braves,7,6,1,-9,22
Toronto Blue Jays,0,7,-7,-10,23
Houston Astros,7,0,7,5,22
Milwaukee Brewers,2,5,-3,8,23
San Francisco Giants,5,2,3,33,23
New York Yankees,2,3,-1,27,24
Cleveland Guardians,3,2,1,-1,23
San Diego Padres,2,0,2,35,24
Detroit Tigers,0,2,-2,24,24
Cincinnati Reds,3,4,-1,28,24
Miami Marlins,4,3,1,-18,23
Baltimore Orioles,0,7,-7,-27,22
Washington Nationals,7,0,7,-13,23
Seattle Mariners,3,8,-5,0,23
Boston Red Sox,8,3,5,0,25
Philadelphia Phillies,1,5,-4,-3,24
New York Mets,5,1,4,35,24
St. Louis Cardinals,10,4,6,5,24
Atlanta Braves,4,10,-6,-15,23
Colorado Rockies,3,4,-1,-52,22
Kansas City Royals,4,3,1,-23,24
Los Angeles Dodgers,10,11,-1,9,24
Chicago Cubs,11,10,1,42,25
Chicago White Sox,2,4,-2,-30,23
Minnesota Twins,4,2,2,-18,23
Toronto Blue Jays,1,5,-4,-14,24
Houston Astros,5,1,4,9,23
Pittsburgh Pirates,9,3,6,-19,24
Los Angeles Angels,3,9,-6,-15,22
Tampa Bay Rays,1,5,-4,4,23
Arizona Diamondbacks,5,1,4,21,23
Milwaukee Brewers,11,3,8,16,24
San Francisco Giants,3,11,-8,25,24
Texas Rangers,8,5,3,-11,23
Athletics,5,8,-3,-21,23
St. Louis Cardinals,1,4,-3,2,25
Atlanta Braves,4,1,3,-12,24
San Diego Padres,0,6,-6,29,25
Detroit Tigers,6,0,6,30,25
Philadelphia Phillies,3,4,-1,-4,25
New York Mets,4,3,1,36,25
Cincinnati Reds,5,2,3,31,25
Miami Marlins,2,5,-3,-21,24
New York Yankees,5,1,4,31,25
Cleveland Guardians,1,5,-4,-5,24
Baltimore Orioles,3,4,-1,-28,23
Washington Nationals,4,3,1,-12,24
Seattle Mariners,8,5,3,3,24
Boston Red Sox,5,8,-3,-3,26
Los Angeles Dodgers,6,7,-1,8,25
Chicago Cubs,7,6,1,43,26
Toronto Blue Jays,1,3,-2,-16,25
Houston Astros,3,1,2,11,24
Chicago White Sox,3,6,-3,-33,24
Minnesota Twins,6,3,3,-15,24
Pittsburgh Pirates,3,0,3,-16,25
Los Angeles Angels,0,3,-3,-18,23
Tampa Bay Rays,7,6,1,5,24
Arizona Diamondbacks,6,7,-1,20,24
Milwaukee Brewers,2,4,-2,14,25
San Francisco Giants,4,2,2,27,25
Texas Rangers,2,5,-3,-14,24
Athletics,5,2,3,-18,24
Chicago White Sox,3,0,3,-30,25
Minnesota Twins,0,3,-3,-18,25
Seattle Mariners,4,3,1,4,25
Boston Red Sox,3,4,-1,-4,27
Colorado Rockies,4,7,-3,-55,23
Kansas City Royals,7,4,3,-20,25
Colorado Rockies,2,6,-4,-59,24
Kansas City Royals,6,2,4,-16,26
Milwaukee Brewers,5,6,-1,13,26
San Francisco Giants,6,5,1,28,26
Baltimore Orioles,2,1,1,-27,24
Washington Nationals,1,2,-1,-13,25
Pittsburgh Pirates,3,4,-1,-17,26
Los Angeles Angels,4,3,1,-17,24
Tampa Bay Rays,7,4,3,8,25
Arizona Diamondbacks,4,7,-3,17,25
Texas Rangers,3,4,-1,-15,25
Athletics,4,3,1,-17,25
Philadelphia Phillies,0,4,-4,-8,26
Chicago Cubs,4,0,4,47,27
New York Mets,4,5,-1,35,26
Washington Nationals,5,4,1,-12,26
Toronto Blue Jays,4,2,2,-14,26
New York Yankees,2,4,-2,29,26
Houston Astros,0,2,-2,9,25
Kansas City Royals,2,0,2,-14,27
Los Angeles Angels,4,11,-7,-24,25
Minnesota Twins,11,4,7,-11,26
Milwaukee Brewers,2,3,-1,12,27
St. Louis Cardinals,3,2,1,3,26
Cincinnati Reds,8,7,1,32,26
Colorado Rockies,7,8,-1,-60,25
Tampa Bay Rays,1,0,1,9,26
San Diego Padres,0,1,-1,28,26
Atlanta Braves,8,2,6,-6,25
Arizona Diamondbacks,2,8,-6,11,26
Miami Marlins,8,4,4,-17,25
Seattle Mariners,4,8,-4,0,26
Chicago White Sox,5,6,-1,-31,26
Athletics,6,5,1,-16,26
Pittsburgh Pirates,3,0,3,-14,27
Los Angeles Dodgers,0,3,-3,5,26
Texas Rangers,2,0,2,-13,26
San Francisco Giants,0,2,-2,26,27
Boston Red Sox,4,5,-1,-5,28
Cleveland Guardians,5,4,1,-4,25
Boston Red Sox,7,3,4,-1,29
Cleveland Guardians,3,7,-4,-8,26
Baltimore Orioles,3,4,-1,-28,25
Detroit Tigers,4,3,1,31,26
Baltimore Orioles,2,6,-4,-32,26
Detroit Tigers,6,2,4,35,27
Los Angeles Angels,1,5,-4,-28,26
Minnesota Twins,5,1,4,-7,27
Milwaukee Brewers,5,6,-1,11,28
St. Louis Cardinals,6,5,1,4,27
Cincinnati Reds,6,4,2,34,27
Colorado Rockies,4,6,-2,-62,26
New York Mets,2,0,2,37,27
Washington Nationals,0,2,-2,-14,27
Texas Rangers,2,3,-1,-14,27
San Francisco Giants,3,2,1,27,28
Philadelphia Phillies,10,4,6,-2,27
Chicago Cubs,4,10,-6,41,28
Chicago White Sox,10,3,7,-24,27
Athletics,3,10,-7,-23,27
Houston Astros,0,2,-2,7,26
Kansas City Royals,2,0,2,-12,28
Atlanta Braves,8,7,1,-5,26
Arizona Diamondbacks,7,8,-1,10,27
Tampa Bay Rays,4,1,3,12,27
San Diego Padres,1,4,-3,25,27
Pittsburgh Pirates,4,8,-4,-18,28
Los Angeles Dodgers,8,4,4,9,27
Miami Marlins,0,14,-14,-31,26
Seattle Mariners,14,0,14,14,27
New York Mets,7,8,-1,36,28
Washington Nationals,8,7,1,-13,28
Toronto Blue Jays,2,11,-9,-23,27
New York Yankees,11,2,9,38,27
Toronto Blue Jays,1,5,-4,-27,28
New York Yankees,5,1,4,42,28
Boston Red Sox,13,3,10,9,30
Cleveland Guardians,3,13,-10,-18,27
Baltimore Orioles,0,7,-7,-39,27
Detroit Tigers,7,0,7,42,28
Los Angeles Angels,0,5,-5,-33,27
Minnesota Twins,5,0,5,-2,28
Houston Astros,7,3,4,11,27
Kansas City Royals,3,7,-4,-16,29
Milwaukee Brewers,7,1,6,17,29
St. Louis Cardinals,1,7,-6,-2,28
Cincinnati Reds,8,1,7,41,28
Colorado Rockies,1,8,-7,-69,27
Texas Rangers,2,3,-1,-15,28
San Francisco Giants,3,2,1,28,29
Chicago White Sox,2,3,-1,-25,28
Athletics,3,2,1,-22,28
Pittsburgh Pirates,2,9,-7,-25,29
Los Angeles Dodgers,9,2,7,16,28
Tampa Bay Rays,4,2,2,14,28
San Diego Padres,2,4,-2,23,28
Atlanta Braves,4,6,-2,-7,27
Arizona Diamondbacks,6,4,2,12,28
Miami Marlins,6,7,-1,-32,27
Seattle Mariners,7,6,1,15,28
Philadelphia Phillies,3,1,2,0,28
Chicago Cubs,1,3,-2,39,29
New York Mets,19,5,14,50,29
Washington Nationals,5,19,-14,-27,29
Minnesota Twins,11,1,10,8,29
Cleveland Guardians,1,11,-10,-28,28
New York Yankees,3,4,-1,41,29
Baltimore Orioles,4,3,1,-38,28
St. Louis Cardinals,1,3,-2,-4,29
Cincinnati Reds,3,1,2,43,29
Athletics,2,1,1,-21,29
Texas Rangers,1,2,-1,-16,29
Detroit Tigers,5,8,-3,39,29
Houston Astros,8,5,3,14,28
Atlanta Braves,6,3,3,-4,28
Colorado Rockies,3,6,-3,-72,28
Miami Marlins,6,7,-1,-33,28
Los Angeles Dodgers,7,6,1,17,29
Minnesota Twins,1,2,-1,7,30
Cleveland Guardians,2,1,1,-27,29
New York Yankees,15,3,12,53,30
Baltimore Orioles,3,15,-12,-50,29
Chicago Cubs,9,0,9,48,30
Pittsburgh Pirates,0,9,-9,-34,30
Washington Nationals,6,7,-1,-28,30
Philadelphia Phillies,7,6,1,1,29
Kansas City Royals,3,1,2,-14,30
Tampa Bay Rays,1,3,-2,12,29
Boston Red Sox,10,2,8,17,31
Toronto Blue Jays,2,10,-8,-35,29
Arizona Diamondbacks,3,8,-5,7,29
New York Mets,8,3,5,55,30
Milwaukee Brewers,7,2,5,22,30
Chicago White Sox,2,7,-5,-30,29
Athletics,2,15,-13,-34,30
Texas Rangers,15,2,13,-3,30
Detroit Tigers,4,6,-2,37,30
Houston Astros,6,4,2,16,29
Atlanta Braves,8,2,6,2,29
Colorado Rockies,2,8,-6,-78,29
Los Angeles Angels,3,5,-2,-35,28
Seattle Mariners,5,3,2,17,29
San Francisco Giants,4,7,-3,25,30
San Diego Padres,7,4,3,26,29
Miami Marlins,2,15,-13,-46,29
Los Angeles Dodgers,15,2,13,30,30
St. Louis Cardinals,6,0,6,2,30
Cincinnati Reds,0,6,-6,37,30
St. Louis Cardinals,9,1,8,10,31
Cincinnati Reds,1,9,-8,29,31
Detroit Tigers,7,4,3,40,31
Houston Astros,4,7,-3,13,30
Atlanta Braves,1,2,-1,1,30
Colorado Rockies,2,1,1,-77,30
Miami Marlins,7,12,-5,-51,30
Los Angeles Dodgers,12,7,5,35,31
Los Angeles Angels,3,9,-6,-41,29
Seattle Mariners,9,3,6,23,30
San Francisco Giants,3,5,-2,23,31
San Diego Padres,5,3,2,28,30
Minnesota Twins,2,4,-2,5,31
Cleveland Guardians,4,2,2,-25,30
New York Yankees,4,5,-1,52,31
Baltimore Orioles,5,4,1,-49,30
Chicago Cubs,3,4,-1,47,31
Pittsburgh Pirates,4,3,1,-33,31
Washington Nationals,2,7,-5,-33,31
Philadelphia Phillies,7,2,5,6,30
Kansas City Royals,3,0,3,-11,31
Tampa Bay Rays,0,3,-3,9,30
Boston Red Sox,6,7,-1,16,32
Toronto Blue Jays,7,6,1,-34,30
Arizona Diamondbacks,4,3,1,8,30
New York Mets,3,4,-1,54,31
Milwaukee Brewers,6,4,2,24,31
Chicago White Sox,4,6,-2,-32,30
Athletics,7,1,6,-28,31
Texas Rangers,1,7,-6,-9,31
Chicago Cubs,8,3,5,52,32
Pittsburgh Pirates,3,8,-5,-38,32
St. Louis Cardinals,1,9,-8,2,32
Cincinnati Reds,9,1,8,37,32
Arizona Diamondbacks,4,2,2,10,31
New York Mets,2,4,-2,52,32
Kansas City Royals,8,2,6,-5,32
Tampa Bay Rays,2,8,-6,3,31
Minnesota Twins,3,4,-1,4,32
Cleveland Guardians,4,3,1,-24,31
Milwaukee Brewers,0,8,-8,16,32
Chicago White Sox,8,0,8,-24,31
Athletics,3,0,3,-25,32
Texas Rangers,0,3,-3,-12,32
Washington Nationals,4,2,2,-31,32
Philadelphia Phillies,2,4,-2,4,31
Boston Red Sox,2,4,-2,14,33
Toronto Blue Jays,4,2,2,-32,31
Detroit Tigers,10,4,6,46,32
Los Angeles Angels,4,10,-6,-47,30
Colorado Rockies,4,3,1,-76,31
San Francisco Giants,3,4,-1,22,32
Washington Nationals,1,6,-5,-36,33
Cincinnati Reds,6,1,5,42,33
San Diego Padres,9,4,5,33,31
Pittsburgh Pirates,4,9,-5,-43,33
Arizona Diamondbacks,2,3,-1,9,32
Philadelphia Phillies,3,2,1,5,32
Kansas City Royals,0,3,-3,-8,33
Baltimore Orioles,3,0,3,-46,31
Tampa Bay Rays,0,3,-3,0,32
New York Yankees,3,0,3,55,32
Cleveland Guardians,3,5,-2,-26,32
Toronto Blue Jays,5,3,2,-30,32
Minnesota Twins,1,6,-5,-1,33
Boston Red Sox,6,1,5,19,34
Athletics,6,1,5,-20,33
Miami Marlins,1,6,-5,-56,31
Los Angeles Dodgers,2,1,1,36,32
Atlanta Braves,1,2,-1,0,31
Houston Astros,3,7,-4,9,31
Chicago White Sox,7,3,4,-20,32
Seattle Mariners,13,1,12,35,31
Texas Rangers,1,13,-12,-24,33
Chicago Cubs,10,0,10,62,33
Milwaukee Brewers,0,10,-10,6,33
New York Mets,9,3,6,58,33
St. Louis Cardinals,3,9,-6,-4,33
Detroit Tigers,9,1,8,54,33
Los Angeles Angels,1,9,-8,-55,31
Colorado Rockies,0,4,-4,-80,32
San Francisco Giants,4,0,4,26,33
Tampa Bay Rays,3,2,1,1,33
New York Yankees,2,3,-1,54,33
Houston Astros,8,3,5,14,32
Chicago White Sox,3,8,-5,-25,33
Cleveland Guardians,5,3,2,-24,33
Toronto Blue Jays,3,5,-2,-32,33
San Diego Padres,2,1,1,34,32
Pittsburgh Pirates,1,2,-1,-44,34
Colorado Rockies,3,6,-3,-83,33
San Francisco Giants,6,3,3,29,34
Minnesota Twins,4,3,1,0,34
Boston Red Sox,3,4,-1,18,35
Athletics,6,9,-3,-23,34
Miami Marlins,9,6,3,-53,32
Arizona Diamondbacks,2,7,-5,4,33
Philadelphia Phillies,7,2,5,10,33
Washington Nationals,11,6,5,-31,34
Cincinnati Reds,6,11,-5,37,34
Seattle Mariners,2,1,1,36,32
Texas Rangers,1,2,-1,-25,34
Chicago Cubs,6,2,4,66,34
Milwaukee Brewers,2,6,-4,2,34
Kansas City Royals,4,0,4,-4,34
Baltimore Orioles,0,4,-4,-50,32
Los Angeles Dodgers,10,3,7,43,33
Atlanta Braves,3,10,-7,-7,32
Detroit Tigers,2,5,-3,51,34
Los Angeles Angels,5,2,3,-52,32
New York Mets,5,6,-1,57,34
St. Louis Cardinals,6,5,1,-3,34
New York Mets,4,5,-1,56,35
St. Louis Cardinals,5,4,1,-2,35
Kansas City Royals,11,6,5,1,35
Baltimore Orioles,6,11,-5,-55,33
San Diego Padres,4,0,4,38,33
Pittsburgh Pirates,0,4,-4,-48,35
Minnesota Twins,5,4,1,1,35
Boston Red Sox,4,5,-1,17,36
Tampa Bay Rays,7,5,2,3,34
New York Yankees,5,7,-2,52,34
Cleveland Guardians,5,4,1,-23,34
Toronto Blue Jays,4,5,-1,-33,34
Athletics,3,2,1,-22,35
Miami Marlins,2,3,-1,-54,33
Arizona Diamondbacks,11,9,2,6,34
Philadelphia Phillies,9,11,-2,8,34
Houston Astros,4,5,-1,13,33
Chicago White Sox,5,4,1,-24,34
Chicago Cubs,0,4,-4,62,35
Milwaukee Brewers,4,0,4,6,35
Seattle Mariners,1,8,-7,29,33
Texas Rangers,8,1,7,-18,35
Colorado Rockies,3,9,-6,-89,34
San Francisco Giants,9,3,6,35,35
Detroit Tigers,13,1,12,63,35
Los Angeles Angels,1,13,-12,-64,33
Washington Nationals,4,1,3,-28,35
Cincinnati Reds,1,4,-3,34,35
Los Angeles Dodgers,3,4,-1,42,34
Atlanta Braves,4,3,1,-6,33
Los Angeles Dodgers,7,4,3,45,35
Miami Marlins,4,7,-3,-57,34
San Diego Padres,4,3,1,39,34
New York Yankees,3,4,-1,51,35
Cincinnati Reds,0,4,-4,30,36
Atlanta Braves,4,0,4,-2,34
San Francisco Giants,2,9,-7,28,36
Chicago Cubs,9,2,7,69,36
Chicago White Sox,0,3,-3,-27,35
Kansas City Royals,3,0,3,4,36
Houston Astros,1,5,-4,9,34
Milwaukee Brewers,5,1,4,10,36
Pittsburgh Pirates,3,6,-3,-51,36
St. Louis Cardinals,6,3,3,1,36
New York Mets,5,4,1,57,36
Arizona Diamondbacks,4,5,-1,5,35
Seattle Mariners,6,7,-1,28,34
Athletics,7,6,1,-21,36
Cleveland Guardians,9,10,-1,-24,35
Washington Nationals,10,9,1,-27,36
Cleveland Guardians,9,1,8,-16,36
Washington Nationals,1,9,-8,-35,37
Los Angeles Dodgers,4,5,-1,44,36
Miami Marlins,5,4,1,-56,35
Texas Rangers,6,1,5,-13,36
Boston Red Sox,1,6,-5,12,37
Philadelphia Phillies,8,4,4,12,35
Tampa Bay Rays,4,8,-4,-1,35
San Diego Padres,3,12,-9,30,35
New York Yankees,12,3,9,60,36
Cincinnati Reds,1,2,-1,29,37
Atlanta Braves,2,1,1,-1,35
San Francisco Giants,14,5,9,37,37
Chicago Cubs,5,14,-9,60,37
Baltimore Orioles,1,9,-8,-63,34
Minnesota Twins,9,1,8,9,36
Chicago White Sox,3,4,-1,-28,36
Kansas City Royals,4,3,1,5,37
Houston Astros,3,4,-1,8,35
Milwaukee Brewers,4,3,1,11,37
Pittsburgh Pirates,1,2,-1,-52,37
St. Louis Cardinals,2,1,1,2,37
Toronto Blue Jays,3,8,-5,-38,35
Los Angeles Angels,8,3,5,-59,34
New York Mets,1,5,-4,53,37
Arizona Diamondbacks,5,1,4,9,36
Seattle Mariners,5,3,2,30,35
Athletics,3,5,-2,-23,37
Cleveland Guardians,8,6,2,-14,37
Washington Nationals,6,8,-2,-37,38
Houston Astros,9,1,8,16,36
Milwaukee Brewers,1,9,-8,3,38
Pittsburgh Pirates,0,5,-5,-57,38
St. Louis Cardinals,5,0,5,7,38
San Francisco Giants,3,1,2,39,38
Chicago Cubs,1,3,-2,58,38
Seattle Mariners,6,5,1,31,36
Athletics,5,6,-1,-24,38
New York Mets,7,1,6,59,38
Arizona Diamondbacks,1,7,-6,3,37
Los Angeles Dodgers,10,1,9,53,37
Miami Marlins,1,10,-9,-65,36
Texas Rangers,4,6,-2,-15,37
Boston Red Sox,6,4,2,14,38
Philadelphia Phillies,7,0,7,19,36
Tampa Bay Rays,0,7,-7,-8,36
San Diego Padres,3,4,-1,29,36
New York Yankees,4,3,1,61,37
Cincinnati Reds,4,3,1,30,38
Atlanta Braves,3,4,-1,-2,36
Baltimore Orioles,2,5,-3,-66,35
Minnesota Twins,5,2,3,12,37
Chicago White Sox,1,2,-1,-29,37
Kansas City Royals,2,1,1,6,38
Detroit Tigers,8,6,2,65,36
Colorado Rockies,6,8,-2,-91,35
Toronto Blue Jays,4,5,-1,-39,36
Los Angeles Angels,5,4,1,-58,35
Baltimore Orioles,2,5,-3,-69,36
Minnesota Twins,5,2,3,15,38
Texas Rangers,0,5,-5,-20,38
Boston Red Sox,5,0,5,19,39
Chicago White Sox,0,10,-10,-39,38
Kansas City Royals,10,0,10,16,39
Detroit Tigers,10,2,8,73,37
Colorado Rockies,2,10,-8,-99,36
Detroit Tigers,11,1,10,83,38
Colorado Rockies,1,11,-10,-109,37
Philadelphia Phillies,7,6,1,20,37
Tampa Bay Rays,6,7,-1,-9,37
Cincinnati Reds,4,5,-1,29,39
Atlanta Braves,5,4,1,-1,37
Toronto Blue Jays,8,5,3,-36,37
Los Angeles Angels,5,8,-3,-61,36
Los Angeles Dodgers,3,5,-2,51,38
Arizona Diamondbacks,5,3,2,5,38
Texas Rangers,1,2,-1,-21,39
Detroit Tigers,2,1,1,84,39
Atlanta Braves,2,3,-1,-2,38
Pittsburgh Pirates,3,2,1,-56,39
St. Louis Cardinals,10,0,10,17,39
Washington Nationals,0,10,-10,-47,39
Milwaukee Brewers,3,4,-1,2,39
Tampa Bay Rays,4,3,1,-8,38
Chicago Cubs,2,7,-5,53,39
New York Mets,7,2,5,64,39
Philadelphia Phillies,0,6,-6,14,38
Cleveland Guardians,6,0,6,-8,38
Boston Red Sox,1,2,-1,18,40
Kansas City Royals,2,1,1,17,40
Miami Marlins,2,6,-4,-69,37
Chicago White Sox,6,2,4,-35,39
Cincinnati Reds,0,3,-3,26,40
Houston Astros,3,0,3,19,37
San Francisco Giants,1,3,-2,37,39
Minnesota Twins,3,1,2,17,39
San Diego Padres,13,9,4,33,37
Colorado Rockies,9,13,-4,-113,38
Baltimore Orioles,4,1,3,-66,37
Los Angeles Angels,1,4,-3,-64,37
Los Angeles Dodgers,14,11,3,54,39
Arizona Diamondbacks,11,14,-3,2,39
Toronto Blue Jays,6,3,3,-33,38
Seattle Mariners,3,6,-3,28,37
New York Yankees,10,2,8,69,38
Athletics,2,10,-8,-32,39
St. Louis Cardinals,4,2,2,19,40
Washington Nationals,2,4,-2,-49,40
Atlanta Braves,3,2,1,-1,39
Pittsburgh Pirates,2,3,-1,-57,40
New York Yankees,7,11,-4,65,39
Athletics,11,7,4,-28,40
Milwaukee Brewers,2,3,-1,1,40
Tampa Bay Rays,3,2,1,-7,39
Texas Rangers,10,3,7,-14,40
Detroit Tigers,3,10,-7,77,40
Philadelphia Phillies,7,1,6,20,39
Cleveland Guardians,1,7,-6,-14,39
Cincinnati Reds,13,9,4,30,41
Houston Astros,9,13,-4,15,38
Boston Red Sox,10,1,9,27,41
Kansas City Royals,1,10,-9,8,41
Miami Marlins,3,1,2,-67,38
Chicago White Sox,1,3,-2,-37,40
Chicago Cubs,6,5,1,54,40
New York Mets,5,6,-1,63,40
San Francisco Giants,1,2,-1,36,40
Minnesota Twins,2,1,1,18,40
Los Angeles Dodgers,0,3,-3,51,40
Arizona Diamondbacks,3,0,3,5,40
San Diego Padres,21,0,21,54,38
Colorado Rockies,0,21,-21,-134,39
Baltimore Orioles,2,5,-3,-69,38
Los Angeles Angels,5,2,3,-61,38
Toronto Blue Jays,6,3,3,-30,39
Seattle Mariners,3,6,-3,25,38
Chicago Cubs,2,6,-4,50,41
New York Mets,6,2,4,67,41
St. Louis Cardinals,6,1,5,24,41
Washington Nationals,1,6,-5,-54,41
Atlanta Braves,3,4,-1,-2,40
Pittsburgh Pirates,4,3,1,-56,41
Texas Rangers,6,1,5,-9,41
Detroit Tigers,1,6,-5,72,41
Milwaukee Brewers,4,2,2,3,41
Tampa Bay Rays,2,4,-2,-9,40
Cincinnati Reds,0,6,-6,24,42
Houston Astros,6,0,6,21,39
Boston Red Sox,3,1,2,29,42
Kansas City Royals,1,3,-2,6,42
San Francisco Giants,6,7,-1,35,41
Minnesota Twins,7,6,1,19,41
Miami Marlins,2,4,-2,-69,39
Chicago White Sox,4,2,2,-35,41
San Diego Padres,3,9,-6,48,39
Colorado Rockies,9,3,6,-128,40
New York Yankees,12,2,10,75,40
Athletics,2,12,-10,-38,41
Baltimore Orioles,7,3,4,-65,39
Los Angeles Angels,3,7,-4,-65,39
Los Angeles Dodgers,8,1,7,58,41
Arizona Diamondbacks,1,8,-7,-2,41
Toronto Blue Jays,9,1,8,-22,40
Seattle Mariners,1,9,-8,17,39
Philadelphia Phillies,3,0,3,23,40
Cleveland Guardians,0,3,-3,-17,40
Milwaukee Brewers,0,5,-5,-2,42
Cleveland Guardians,5,0,5,-12,41
Boston Red Sox,2,14,-12,17,43
Detroit Tigers,14,2,12,84,42
St. Louis Cardinals,3,2,1,25,42
Philadelphia Phillies,2,3,-1,22,41
Pittsburgh Pirates,3,4,-1,-57,42
New York Mets,4,3,1,68,42
Washington Nationals,3,4,-1,-55,42
Atlanta Braves,4,3,1,-1,41
Miami Marlins,2,5,-3,-72,40
Chicago Cubs,5,2,3,53,42
Colorado Rockies,1,2,-1,-129,41
Texas Rangers,2,1,1,-8,42
Kansas City Royals,7,5,2,8,43
Houston Astros,5,7,-2,19,40
Los Angeles Angels,9,5,4,-61,40
San Diego Padres,5,9,-4,44,40
New York Yankees,11,5,6,81,41
Seattle Mariners,5,11,-6,11,40
Arizona Diamondbacks,2,1,1,-1,42
San Francisco Giants,1,2,-1,34,42
Milwaukee Brewers,0,2,-2,-4,43
Cleveland Guardians,2,0,2,-10,42
Boston Red Sox,9,10,-1,16,44
Detroit Tigers,10,9,1,85,43
Chicago White Sox,5,1,4,-31,42
Cincinnati Reds,1,5,-4,20,43
Tampa Bay Rays,11,9,2,-7,41
Toronto Blue Jays,9,11,-2,-24,41
Pittsburgh Pirates,1,2,-1,-58,43
New York Mets,2,1,1,69,43
Washington Nationals,2,5,-3,-58,43
Atlanta Braves,5,2,3,2,42
Miami Marlins,4,5,-1,-73,41
Chicago Cubs,5,4,1,54,43
Colorado Rockies,1,4,-3,-132,42
Texas Rangers,4,1,3,-5,43
Kansas City Royals,1,2,-1,7,44
Houston Astros,2,1,1,20,41
Los Angeles Angels,4,6,-2,-63,41
San Diego Padres,6,4,2,46,41
New York Yankees,1,2,-1,80,42
Seattle Mariners,2,1,1,12,41
Arizona Diamondbacks,6,10,-4,-5,43
San Francisco Giants,10,6,4,38,43
Athletics,11,1,10,-28,42
Los Angeles Dodgers,1,11,-10,48,42
Minnesota Twins,6,3,3,22,42
Baltimore Orioles,3,6,-3,-68,40
Minnesota Twins,8,6,2,24,43
Baltimore Orioles,6,8,-2,-70,41
St. Louis Cardinals,1,2,-1,24,43
Philadelphia Phillies,2,1,1,23,42
St. Louis Cardinals,14,7,7,31,44
Philadelphia Phillies,7,14,-7,16,43
Milwaukee Brewers,9,5,4,0,44
Cleveland Guardians,5,9,-4,-14,43
Arizona Diamondbacks,8,7,1,-4,44
San Francisco Giants,7,8,-1,37,44
New York Yankees,3,2,1,81,43
Seattle Mariners,2,3,-1,11,42
Boston Red Sox,5,6,-1,15,45
Detroit Tigers,6,5,1,86,44
Tampa Bay Rays,1,3,-2,-9,42
Toronto Blue Jays,3,1,2,-22,42
Pittsburgh Pirates,4,0,4,-54,44
New York Mets,0,4,-4,65,44
Chicago White Sox,4,2,2,-29,43
Cincinnati Reds,2,4,-2,18,44
Washington Nationals,5,4,1,-57,44
Atlanta Braves,4,5,-1,1,43
Miami Marlins,3,1,2,-71,42
Chicago Cubs,1,3,-2,52,44
Colorado Rockies,3,8,-5,-137,43
Texas Rangers,8,3,5,0,44
Kansas City Royals,3,4,-1,6,45
Houston Astros,4,3,1,21,42
Los Angeles Angels,1,5,-4,-67,42
San Diego Padres,5,1,4,50,42
Athletics,3,9,-6,-34,43
Los Angeles Dodgers,9,3,6,54,43
Washington Nationals,2,5,-3,-60,45
Atlanta Braves,5,2,3,4,44
Minnesota Twins,4,0,4,28,44
Baltimore Orioles,0,4,-4,-74,42
Chicago White Sox,1,7,-6,-35,44
Cincinnati Reds,7,1,6,24,45
Tampa Bay Rays,8,3,5,-4,43
Toronto Blue Jays,3,8,-5,-27,43
Houston Astros,0,1,-1,20,43
Texas Rangers,1,0,1,1,45
Athletics,2,19,-17,-51,44
Los Angeles Dodgers,19,2,17,71,44
Chicago White Sox,3,13,-10,-45,45
Chicago Cubs,13,3,10,62,45
Cleveland Guardians,4,5,-1,-15,44
Cincinnati Reds,5,4,1,25,46
Pittsburgh Pirates,4,8,-4,-58,45
Philadelphia Phillies,8,4,4,20,44
Washington Nationals,4,3,1,-59,46
Baltimore Orioles,3,4,-1,-75,43
New York Mets,2,6,-4,61,45
New York Yankees,6,2,4,85,44
Detroit Tigers,5,4,1,87,45
Toronto Blue Jays,4,5,-1,-28,44
Atlanta Braves,4,2,2,6,45
Boston Red Sox,2,4,-2,13,46
Tampa Bay Rays,4,9,-5,-9,44
Miami Marlins,9,4,5,-66,43
St. Louis Cardinals,10,3,7,38,45
Kansas City Royals,3,10,-7,-1,46
Houston Astros,6,3,3,23,44
Texas Rangers,3,6,-3,-2,46
Minnesota Twins,3,0,3,31,45
Milwaukee Brewers,0,3,-3,-3,45
Colorado Rockies,0,8,-8,-145,44
Arizona Diamondbacks,8,0,8,4,45
Seattle Mariners,5,1,4,15,43
San Diego Padres,1,5,-4,46,43
Los Angeles Angels,6,2,4,-63,43
Los Angeles Dodgers,2,6,-4,67,45
Athletics,1,9,-8,-59,45
San Francisco Giants,9,1,8,45,45
New York Mets,3,2,1,62,46
New York Yankees,2,3,-1,84,45
Chicago White Sox,3,7,-4,-49,46
Chicago Cubs,7,3,4,66,46
Detroit Tigers,1,2,-1,86,46
Toronto Blue Jays,2,1,1,-27,45
Washington Nationals,10,6,4,-55,47
Baltimore Orioles,6,10,-4,-79,44
Tampa Bay Rays,4,0,4,-5,45
Miami Marlins,0,4,-4,-70,44
Pittsburgh Pirates,2,5,-3,-61,46
Philadelphia Phillies,5,2,3,23,45
Cleveland Guardians,1,4,-3,-18,45
Cincinnati Reds,4,1,3,28,47
Houston Astros,1,5,-4,19,45
Texas Rangers,5,1,4,2,47
St. Louis Cardinals,1,0,1,39,46
Kansas City Royals,0,1,-1,-2,47
Atlanta Braves,6,7,-1,5,46
Boston Red Sox,7,6,1,14,47
Minnesota Twins,7,0,7,38,46
Milwaukee Brewers,0,7,-7,-10,46
Colorado Rockies,14,12,2,-143,45
Arizona Diamondbacks,12,14,-2,2,46
Seattle Mariners,4,1,3,18,44
San Diego Padres,1,4,-3,43,44
Athletics,0,1,-1,-60,46
San Francisco Giants,1,0,1,46,46
Los Angeles Angels,11,9,2,-61,44
Los Angeles Dodgers,9,11,-2,65,46
Houston Astros,4,3,1,20,46
Texas Rangers,3,4,-1,1,48
Washington Nationals,10,4,6,-49,48
Baltimore Orioles,4,10,-6,-85,45
Pittsburgh Pirates,0,1,-1,-62,47
Philadelphia Phillies,1,0,1,24,46
Atlanta Braves,10,4,6,11,47
Boston Red Sox,4,10,-6,8,48
Detroit Tigers,3,2,1,87,47
Toronto Blue Jays,2,3,-1,-28,46
Cleveland Guardians,1,3,-2,-20,46
Cincinnati Reds,3,1,2,30,48
Tampa Bay Rays,1,5,-4,-9,46
Miami Marlins,5,1,4,-66,45
St. Louis Cardinals,1,2,-1,38,47
Kansas City Royals,2,1,1,-1,48
Minnesota Twins,2,5,-3,35,47
Milwaukee Brewers,5,2,3,-7,47
Chicago White Sox,2,6,-4,-53,47
Chicago Cubs,6,2,4,70,47
Athletics,2,3,-1,-61,47
San Francisco Giants,3,2,1,47,47
Colorado Rockies,0,1,-1,-144,46
Arizona Diamondbacks,1,0,1,3,47
Los Angeles Angels,6,4,2,-59,45
Los Angeles Dodgers,4,6,-2,63,47
Seattle Mariners,6,1,5,23,45
San Diego Padres,1,6,-5,38,45
New York Mets,2,8,-6,56,47
New York Yankees,8,2,6,90,46
Cincinnati Reds,7,1,6,36,49
Pittsburgh Pirates,1,7,-6,-68,48
Chicago Cubs,7,8,-1,69,48
Miami Marlins,8,7,1,-65,46
New York Mets,1,3,-2,54,48
Boston Red Sox,3,1,2,10,49
Houston Astros,4,3,1,21,47
Tampa Bay Rays,3,4,-1,-10,47
Cleveland Guardians,5,6,-1,-21,47
Minnesota Twins,6,5,1,36,48
Seattle Mariners,5,1,4,27,46
Chicago White Sox,1,5,-4,-57,48
Baltimore Orioles,4,5,-1,-86,46
Milwaukee Brewers,5,4,1,-6,48
Detroit Tigers,4,11,-7,80,48
St. Louis Cardinals,11,4,7,45,48
Philadelphia Phillies,9,3,6,30,47
Colorado Rockies,3,9,-6,-150,47
Kansas City Royals,3,1,2,1,49
San Francisco Giants,1,3,-2,45,48
Los Angeles Angels,4,3,1,-58,46
Athletics,3,4,-1,-62,48
Arizona Diamondbacks,9,5,4,7,48
Los Angeles Dodgers,5,9,-4,59,48
Cincinnati Reds,0,1,-1,35,50
Pittsburgh Pirates,1,0,1,-67,49
Chicago Cubs,14,1,13,82,49
Miami Marlins,1,14,-13,-78,47
New York Mets,0,2,-2,52,49
Boston Red Sox,2,0,2,12,50
Atlanta Braves,3,5,-2,9,48
Washington Nationals,5,3,2,-47,49
Houston Astros,2,3,-1,20,48
Tampa Bay Rays,3,2,1,-9,48
Texas Rangers,2,5,-3,-2,49
New York Yankees,5,2,3,93,47
San Diego Padres,0,3,-3,35,46
Toronto Blue Jays,3,0,3,-25,47
Seattle Mariners,0,1,-1,26,47
Chicago White Sox,1,0,1,-56,49
Baltimore Orioles,2,5,-3,-89,47
Milwaukee Brewers,5,2,3,-3,49
Detroit Tigers,5,4,1,81,49
St. Louis Cardinals,4,5,-1,44,49
Philadelphia Phillies,7,4,3,33,48
Colorado Rockies,4,7,-3,-153,48
Kansas City Royals,2,3,-1,0,50
San Francisco Giants,3,2,1,46,49
Los Angeles Angels,7,5,2,-56,47
Athletics,5,7,-2,-64,49
Arizona Diamondbacks,3,4,-1,6,49
Los Angeles Dodgers,4,3,1,60,49
Cincinnati Reds,1,3,-2,33,51
Pittsburgh Pirates,3,1,2,-65,50
Houston Astros,4,8,-4,16,49
Tampa Bay Rays,8,4,4,-5,49
Cleveland Guardians,5,6,-1,-22,48
Minnesota Twins,6,5,1,37,49
Chicago Cubs,2,1,1,83,50
Miami Marlins,1,2,-1,-79,48
Baltimore Orioles,8,4,4,-85,48
Milwaukee Brewers,4,8,-4,-7,50
Detroit Tigers,5,1,4,85,50
St. Louis Cardinals,1,5,-4,40,50
Seattle Mariners,6,5,1,27,48
Chicago White Sox,5,6,-1,-57,50
Kansas City Royals,8,4,4,4,51
San Francisco Giants,4,8,-4,42,50
Cleveland Guardians,5,1,4,-18,49
Minnesota Twins,1,5,-4,33,50
New York Mets,5,1,4,56,50
Boston Red Sox,1,5,-4,8,51
Texas Rangers,3,4,-1,-3,50
New York Yankees,4,3,1,94,48
San Diego Padres,0,14,-14,21,47
Toronto Blue Jays,14,0,14,-11,48
Philadelphia Phillies,9,5,4,37,49
Colorado Rockies,5,9,-4,-157,49
Los Angeles Angels,10,5,5,-51,48
Athletics,5,10,-5,-69,50
Arizona Diamondbacks,1,3,-2,4,50
Los Angeles Dodgers,3,1,2,62,50
Texas Rangers,0,1,-1,-4,51
New York Yankees,1,0,1,95,49
San Diego Padres,6,7,-1,20,48
Toronto Blue Jays,7,6,1,-10,49
Philadelphia Phillies,2,0,2,39,50
Colorado Rockies,0,2,-2,-159,50
Los Angeles Angels,10,5,5,-46,49
Athletics,5,10,-5,-74,51
Cleveland Guardians,7,0,7,-11,50
Detroit Tigers,0,7,-7,78,51
Milwaukee Brewers,8,5,3,-4,51
Pittsburgh Pirates,5,8,-3,-68,51
Atlanta Braves,7,8,-1,8,49
Washington Nationals,8,7,1,-46,50
Seattle Mariners,2,9,-7,20,49
Houston Astros,9,2,7,23,50
Baltimore Orioles,5,19,-14,-99,49
Boston Red Sox,19,5,14,22,52
Chicago Cubs,13,6,7,90,51
Cincinnati Reds,6,13,-7,26,52
Milwaukee Brewers,5,6,-1,-5,52
Pittsburgh Pirates,6,5,1,-67,52
San Francisco Giants,4,0,4,46,51
Washington Nationals,0,4,-4,-50,51
Toronto Blue Jays,1,3,-2,-12,50
Tampa Bay Rays,3,1,2,-3,50
Cleveland Guardians,3,1,2,-9,51
Detroit Tigers,1,3,-2,76,52
Los Angeles Dodgers,7,5,2,64,51
New York Mets,5,7,-2,54,51
San Diego Padres,2,1,1,21,49
Atlanta Braves,1,2,-1,7,50
Texas Rangers,1,4,-3,-7,52
Chicago White Sox,4,1,3,-54,51
Seattle Mariners,5,3,2,22,50
Houston Astros,3,5,-2,21,51
Kansas City Royals,1,3,-2,2,52
Minnesota Twins,3,1,2,35,51
Arizona Diamondbacks,3,4,-1,3,51
St. Louis Cardinals,4,3,1,41,51
New York Yankees,2,3,-1,94,50
Colorado Rockies,3,2,1,-158,51
Miami Marlins,4,7,-3,-82,49
Los Angeles Angels,7,4,3,-43,50
Philadelphia Phillies,4,3,1,40,51
Athletics,3,4,-1,-75,52
Baltimore Orioles,5,6,-1,-100,50
Boston Red Sox,6,5,1,23,53
Baltimore Orioles,2,1,1,-99,51
Boston Red Sox,1,2,-1,22,54
Kansas City Royals,4,5,-1,1,53
Minnesota Twins,5,4,1,36,52
Arizona Diamondbacks,5,6,-1,2,52
St. Louis Cardinals,6,5,1,42,52
San Francisco Giants,0,3,-3,43,52
Washington Nationals,3,0,3,-47,52
Milwaukee Brewers,1,2,-1,-6,53
Pittsburgh Pirates,2,1,1,-66,53
Chicago Cubs,4,6,-2,88,52
Cincinnati Reds,6,4,2,28,53
Seattle Mariners,1,2,-1,21,51
Houston Astros,2,1,1,22,52
San Diego Padres,1,7,-6,15,50
Atlanta Braves,7,1,6,13,51
Texas Rangers,5,10,-5,-12,53
Chicago White Sox,10,5,5,-49,52
New York Yankees,13,1,12,106,51
Colorado Rockies,1,13,-12,-170,52
Toronto Blue Jays,1,3,-2,-14,51
Tampa Bay Rays,3,1,2,-1,51
Cleveland Guardians,7,5,2,-7,52
Detroit Tigers,5,7,-2,74,53
Los Angeles Dodgers,2,5,-3,61,52
New York Mets,5,2,3,57,52
Philadelphia Phillies,9,6,3,43,52
Athletics,6,9,-3,-78,53
Miami Marlins,6,2,4,-78,50
Los Angeles Angels,2,6,-4,-47,51
Cleveland Guardians,0,5,-5,-12,53
Detroit Tigers,5,0,5,79,54
Baltimore Orioles,5,1,4,-95,52
Boston Red Sox,1,5,-4,18,55
San Francisco Giants,3,2,1,44,53
Washington Nationals,2,3,-1,-48,53
Milwaukee Brewers,6,5,1,-5,54
Pittsburgh Pirates,5,6,-1,-67,54
Chicago Cubs,11,8,3,91,53
Cincinnati Reds,8,11,-3,25,54
Toronto Blue Jays,0,13,-13,-27,52
Tampa Bay Rays,13,0,13,12,52
Seattle Mariners,3,5,-2,19,52
Houston Astros,5,3,2,24,53
Kansas City Royals,2,1,1,2,54
Minnesota Twins,1,2,-1,35,53
Texas Rangers,5,4,1,-11,54
Chicago White Sox,4,5,-1,-50,53
Arizona Diamondbacks,3,4,-1,1,53
St. Louis Cardinals,4,3,1,43,53
New York Yankees,5,4,1,107,52
Colorado Rockies,4,5,-1,-171,53
Philadelphia Phillies,4,5,-1,42,53
Athletics,5,4,1,-77,54
Miami Marlins,3,0,3,-75,51
Los Angeles Angels,0,3,-3,-50,52
San Diego Padres,5,3,2,17,51
Atlanta Braves,3,5,-2,11,52
Los Angeles Dodgers,1,3,-2,59,53
New York Mets,3,1,2,59,53
San Francisco Giants,1,3,-2,42,54
Detroit Tigers,3,1,2,81,55
Boston Red Sox,2,3,-1,17,56
Milwaukee Brewers,3,2,1,-4,55
Colorado Rockies,1,3,-2,-173,54
Chicago Cubs,3,1,2,93,54
St. Louis Cardinals,2,5,-3,40,54
Baltimore Orioles,5,2,3,-92,53
Toronto Blue Jays,2,1,1,-26,53
Texas Rangers,1,2,-1,-12,55
Cincinnati Reds,7,4,3,28,55
Kansas City Royals,4,7,-3,-1,55
Chicago White Sox,1,2,-1,-51,54
New York Mets,2,1,1,60,54
Los Angeles Dodgers,7,2,5,64,54
Cleveland Guardians,2,7,-5,-17,54
Minnesota Twins,2,7,-5,30,54
Tampa Bay Rays,7,2,5,17,53
Pittsburgh Pirates,0,5,-5,-72,55
Arizona Diamondbacks,5,0,5,6,54
Miami Marlins,3,4,-1,-76,52
San Diego Padres,4,3,1,18,52
New York Yankees,5,1,4,111,53
Los Angeles Angels,1,5,-4,-54,53
Los Angeles Dodgers,9,5,4,68,55
Cleveland Guardians,5,9,-4,-21,55
St. Louis Cardinals,7,4,3,43,55
Baltimore Orioles,4,7,-3,-95,54
San Francisco Giants,1,3,-2,40,55
Detroit Tigers,3,1,2,83,56
Atlanta Braves,0,2,-2,9,53
Philadelphia Phillies,2,0,2,44,54
Minnesota Twins,4,2,2,32,55
Tampa Bay Rays,2,4,-2,15,54
Chicago White Sox,4,6,-2,-53,55
New York Mets,6,4,2,62,55
Cincinnati Reds,7,2,5,33,56
Kansas City Royals,2,7,-5,-6,56
Boston Red Sox,1,5,-4,13,57
Milwaukee Brewers,5,1,4,0,56
Colorado Rockies,3,4,-1,-174,55
Chicago Cubs,4,3,1,94,55
Toronto Blue Jays,0,2,-2,-28,54
Texas Rangers,2,0,2,-10,56
Athletics,1,11,-10,-87,55
Houston Astros,11,1,10,34,54
New York Yankees,3,2,1,112,54
Los Angeles Angels,2,3,-1,-55,54
Pittsburgh Pirates,9,6,3,-69,56
Arizona Diamondbacks,6,9,-3,3,55
Washington Nationals,1,9,-8,-56,54
Seattle Mariners,9,1,8,27,53
Miami Marlins,6,8,-2,-78,53
San Diego Padres,8,6,2,20,53
Los Angeles Dodgers,4,7,-3,65,56
Cleveland Guardians,7,4,3,-18,56
San Francisco Giants,3,4,-1,39,56
Detroit Tigers,4,3,1,84,57
Minnesota Twins,0,5,-5,27,56
Tampa Bay Rays,5,0,5,20,55
Chicago White Sox,9,4,5,-48,56
New York Mets,4,9,-5,57,56
Boston Red Sox,5,6,-1,12,58
Milwaukee Brewers,6,5,1,1,57
Athletics,3,5,-2,-89,56
Houston Astros,5,3,2,36,55
Pittsburgh Pirates,10,1,9,-60,57
Arizona Diamondbacks,1,10,-9,-6,56
Miami Marlins,10,8,2,-76,54
San Diego Padres,8,10,-2,18,54
St. Louis Cardinals,6,4,2,45,56
Baltimore Orioles,4,6,-2,-97,55
Cincinnati Reds,2,3,-1,32,57
Kansas City Royals,3,2,1,-5,57
Colorado Rockies,1,2,-1,-175,56
Chicago Cubs,2,1,1,95,56
Toronto Blue Jays,2,0,2,-26,55
Texas Rangers,0,2,-2,-12,57
New York Yankees,1,0,1,113,55
Los Angeles Angels,0,1,-1,-56,55
Washington Nationals,9,0,9,-47,55
Seattle Mariners,0,9,-9,18,54
Atlanta Braves,4,5,-1,8,54
Philadelphia Phillies,5,4,1,45,55
Atlanta Braves,9,3,6,14,55
Philadelphia Phillies,3,9,-6,39,56
Athletics,0,12,-12,-101,57
Toronto Blue Jays,12,0,12,-14,56
Tampa Bay Rays,13,3,10,30,56
Houston Astros,3,13,-10,26,56
Washington Nationals,9,3,6,-41,56
Seattle Mariners,3,9,-6,12,55
Cincinnati Reds,6,2,4,36,58
Chicago Cubs,2,6,-4,91,57
Chicago White Sox,1,2,-1,-49,57
Baltimore Orioles,2,1,1,-96,56
Milwaukee Brewers,6,2,4,5,58
Philadelphia Phillies,2,6,-4,35,57
Athletics,7,11,-4,-105,58
Toronto Blue Jays,11,7,4,-10,57
Los Angeles Angels,4,1,3,-53,56
Cleveland Guardians,1,4,-3,-21,57
Colorado Rockies,2,4,-2,-177,57
New York Mets,4,2,2,59,57
San Francisco Giants,2,0,2,41,57
Miami Marlins,0,2,-2,-78,55
Boston Red Sox,5,1,4,16,59
Atlanta Braves,1,5,-4,10,56
St. Louis Cardinals,1,11,-10,35,57
Texas Rangers,11,1,10,-2,58
Detroit Tigers,7,5,2,86,58
Kansas City Royals,5,7,-2,-7,58
Tampa Bay Rays,1,2,-1,29,57
Houston Astros,2,1,1,27,57
Washington Nationals,9,7,2,-39,57
Arizona Diamondbacks,7,9,-2,-8,57
Pittsburgh Pirates,2,3,-1,-61,58
San Diego Padres,3,2,1,19,55
Minnesota Twins,12,6,6,33,57
Seattle Mariners,6,12,-6,6,56
New York Yankees,5,8,-3,110,56
Los Angeles Dodgers,8,5,3,68,57
Cincinnati Reds,0,2,-2,34,59
Chicago Cubs,2,0,2,93,58
Athletics,7,8,-1,-106,59
Toronto Blue Jays,8,7,1,-9,58
St. Louis Cardinals,2,0,2,37,58
Texas Rangers,0,2,-2,-4,59
Chicago White Sox,2,4,-2,-51,58
Baltimore Orioles,4,2,2,-94,57
Milwaukee Brewers,17,7,10,15,59
Philadelphia Phillies,7,17,-10,25,58
Los Angeles Angels,5,7,-2,-55,57
Cleveland Guardians,7,5,2,-19,58
Detroit Tigers,0,1,-1,85,59
Kansas City Royals,1,0,1,-6,59
Colorado Rockies,2,8,-6,-183,58
New York Mets,8,2,6,65,58
Tampa Bay Rays,16,3,13,42,58
Houston Astros,3,16,-13,14,58
Boston Red Sox,0,5,-5,11,60
Atlanta Braves,5,0,5,15,57
San Francisco Giants,0,1,-1,40,58
Miami Marlins,1,0,1,-77,56
Minnesota Twins,4,5,-1,32,58
Seattle Mariners,5,4,1,7,57
New York Yankees,2,18,-16,94,57
Los Angeles Dodgers,18,2,16,84,58
Pittsburgh Pirates,5,0,5,-56,59
San Diego Padres,0,5,-5,14,56
Washington Nationals,11,7,4,-35,58
Arizona Diamondbacks,7,11,-4,-12,58
St. Louis Cardinals,1,8,-7,30,59
Texas Rangers,8,1,7,3,60
Boston Red Sox,3,1,2,13,61
Atlanta Braves,1,3,-2,13,58
Chicago White Sox,2,3,-1,-52,59
Baltimore Orioles,3,2,1,-93,58
Milwaukee Brewers,5,2,3,18,60
Philadelphia Phillies,2,5,-3,22,59
Athletics,4,8,-4,-110,60
Toronto Blue Jays,8,4,4,-5,59
Los Angeles Angels,2,4,-2,-57,58
Cleveland Guardians,4,2,2,-17,59
Colorado Rockies,3,5,-2,-185,59
New York Mets,5,3,2,67,59
San Francisco Giants,4,2,2,42,59
Miami Marlins,2,4,-2,-79,57
Detroit Tigers,1,0,1,86,60
Kansas City Royals,0,1,-1,-7,60
Tampa Bay Rays,0,1,-1,41,59
Houston Astros,1,0,1,15,59
Cincinnati Reds,3,7,-4,30,60
Chicago Cubs,7,3,4,97,59
Washington Nationals,1,3,-2,-37,59
Arizona Diamondbacks,3,1,2,-10,59
Minnesota Twins,1,2,-1,31,59
Seattle Mariners,2,1,1,8,58
Pittsburgh Pirates,4,6,-2,-58,60
San Diego Padres,6,4,2,16,57
New York Yankees,7,3,4,98,58
Los Angeles Dodgers,3,7,-4,80,59
Colorado Rockies,6,4,2,-183,60
Miami Marlins,4,6,-2,-81,58
Los Angeles Angels,7,6,1,-56,59
Boston Red Sox,6,7,-1,12,62
Milwaukee Brewers,3,2,1,19,61
Cincinnati Reds,2,3,-1,29,61
Detroit Tigers,13,1,12,98,61
Chicago White Sox,1,13,-12,-64,60
San Diego Padres,1,0,1,17,58
San Francisco Giants,0,1,-1,41,60
Minnesota Twins,10,4,6,37,60
Athletics,4,10,-6,-116,61
New York Mets,4,3,1,68,60
Los Angeles Dodgers,3,4,-1,79,60
Houston Astros,3,0,3,18,60
Pittsburgh Pirates,0,3,-3,-61,61
Colorado Rockies,3,2,1,-182,61
Miami Marlins,2,3,-1,-82,59
Chicago Cubs,8,3,5,102,60
Washington Nationals,3,8,-5,-42,60
Cleveland Guardians,2,3,-1,-18,60
New York Yankees,3,2,1,99,59
Philadelphia Phillies,8,3,5,27,60
Toronto Blue Jays,3,8,-5,-10,60
Los Angeles Angels,4,3,1,-55,60
Boston Red Sox,3,4,-1,11,63
Milwaukee Brewers,2,4,-2,17,62
Cincinnati Reds,4,2,2,31,62
Arizona Diamondbacks,8,3,5,-5,60
Atlanta Braves,3,8,-5,8,59
Texas Rangers,1,5,-4,-1,61
Tampa Bay Rays,5,1,4,45,60
Detroit Tigers,1,8,-7,91,62
Chicago White Sox,8,1,7,-57,61
Kansas City Royals,10,7,3,-4,61
St. Louis Cardinals,7,10,-3,27,60
Baltimore Orioles,5,1,4,-89,59
Seattle Mariners,1,5,-4,4,59
San Diego Padres,3,2,1,18,59
San Francisco Giants,2,3,-1,40,61
Minnesota Twins,10,3,7,44,61
Athletics,3,10,-7,-123,62
New York Mets,5,6,-1,67,61
Los Angeles Dodgers,6,5,1,80,61
Colorado Rockies,3,2,1,-181,62
Miami Marlins,2,3,-1,-83,60
Milwaukee Brewers,9,1,8,25,63
Cincinnati Reds,1,9,-8,23,63
Los Angeles Angels,9,11,-2,-57,61
Boston Red Sox,11,9,2,13,64
Houston Astros,0,3,-3,15,61
Pittsburgh Pirates,3,0,3,-58,62
Chicago Cubs,0,2,-2,100,61
Washington Nationals,2,0,2,-40,61
Cleveland Guardians,4,0,4,-14,61
New York Yankees,0,4,-4,95,60
Philadelphia Phillies,1,2,-1,26,61
Toronto Blue Jays,2,1,1,-9,61
Arizona Diamondbacks,2,1,1,-4,61
Atlanta Braves,1,2,-1,7,60
Texas Rangers,4,5,-1,-2,62
Tampa Bay Rays,5,4,1,46,61
Detroit Tigers,5,4,1,92,63
Chicago White Sox,4,5,-1,-58,62
Baltimore Orioles,3,2,1,-88,60
Seattle Mariners,2,3,-1,3,60
San Diego Padres,5,6,-1,17,60
San Francisco Giants,6,5,1,41,62
Minnesota Twins,6,1,5,49,62
Athletics,1,6,-5,-128,63
New York Mets,6,1,5,72,62
Los Angeles Dodgers,1,6,-5,75,62
Arizona Diamondbacks,11,10,1,-3,62
Atlanta Braves,10,11,-1,6,61
Kansas City Royals,5,6,-1,-5,62
St. Louis Cardinals,6,5,1,28,61
Kansas City Royals,7,5,2,-3,63
St. Louis Cardinals,5,7,-2,26,62
Detroit Tigers,2,3,-1,91,64
Chicago White Sox,3,2,1,-57,63
Philadelphia Phillies,1,9,-8,18,62
Toronto Blue Jays,9,1,8,-1,62
Minnesota Twins,3,14,-11,38,63
Athletics,14,3,11,-117,64
Baltimore Orioles,4,3,1,-87,61
Seattle Mariners,3,4,-1,2,61
San Diego Padres,2,3,-1,16,61
San Francisco Giants,3,2,1,42,63
New York Mets,5,6,-1,71,63
Los Angeles Dodgers,6,5,1,76,63
Houston Astros,8,2,6,21,62
Pittsburgh Pirates,2,8,-6,-64,63
Chicago Cubs,7,1,6,106,62
Washington Nationals,1,7,-6,-46,62
Cleveland Guardians,0,4,-4,-18,62
New York Yankees,4,0,4,99,61
Texas Rangers,3,4,-1,-3,63
Tampa Bay Rays,4,3,1,47,62
Miami Marlins,3,4,-1,-84,61
Tampa Bay Rays,4,3,1,48,63
Philadelphia Phillies,4,5,-1,17,63
Pittsburgh Pirates,5,4,1,-63,64
Texas Rangers,0,2,-2,-5,64
Washington Nationals,2,0,2,-44,63
Boston Red Sox,6,9,-3,10,65
New York Yankees,9,6,3,102,62
Arizona Diamondbacks,3,4,-1,-4,63
Cincinnati Reds,4,3,1,24,64
Chicago Cubs,1,3,-2,104,63
Detroit Tigers,3,1,2,93,65
Houston Astros,4,2,2,23,63
Cleveland Guardians,2,4,-2,-20,63
Kansas City Royals,2,7,-5,-8,64
Chicago White Sox,7,2,5,-52,64
Toronto Blue Jays,6,4,2,1,63
Minnesota Twins,4,6,-2,36,64
San Diego Padres,2,0,2,18,62
Milwaukee Brewers,0,2,-2,23,64
Los Angeles Dodgers,0,5,-5,71,64
St. Louis Cardinals,5,0,5,31,63
New York Mets,4,2,2,73,64
Colorado Rockies,2,4,-2,-183,63
Seattle Mariners,4,5,-1,1,62
Los Angeles Angels,5,4,1,-56,62
Baltimore Orioles,4,5,-1,-88,62
Athletics,5,4,1,-116,65
Atlanta Braves,4,5,-1,5,62
San Francisco Giants,5,4,1,43,64
Chicago Cubs,6,1,5,109,64
Detroit Tigers,1,6,-5,88,66
Arizona Diamondbacks,3,4,-1,-5,64
Cincinnati Reds,4,3,1,25,65
Toronto Blue Jays,5,4,1,2,64
Minnesota Twins,4,5,-1,35,65
Los Angeles Dodgers,1,2,-1,70,65
St. Louis Cardinals,2,1,1,32,64
Texas Rangers,5,0,5,0,65
Washington Nationals,0,5,-5,-49,64
Philadelphia Phillies,1,2,-1,16,64
Pittsburgh Pirates,2,1,1,-62,65
Atlanta Braves,2,3,-1,4,63
San Francisco Giants,3,2,1,44,65
Arizona Diamondbacks,1,13,-12,-17,65
Cincinnati Reds,13,1,12,37,66
Houston Astros,5,3,2,25,64
Cleveland Guardians,3,5,-2,-22,64
Kansas City Royals,1,4,-3,-11,65
Chicago White Sox,4,1,3,-49,65
Miami Marlins,11,10,1,-83,62
Tampa Bay Rays,10,11,-1,47,64
Boston Red Sox,10,7,3,13,66
New York Yankees,7,10,-3,99,63
San Diego Padres,3,4,-1,17,63
Milwaukee Brewers,4,3,1,24,65
Seattle Mariners,6,8,-2,-1,63
Los Angeles Angels,8,6,2,-54,63
New York Mets,8,1,7,80,65
Colorado Rockies,1,8,-7,-190,64
Baltimore Orioles,7,4,3,-85,63
Athletics,4,7,-3,-119,66
Miami Marlins,2,3,-1,-84,63
Tampa Bay Rays,3,2,1,48,65
San Diego Padres,1,0,1,18,64
Milwaukee Brewers,0,1,-1,23,66
Texas Rangers,4,2,2,2,66
Washington Nationals,2,4,-2,-51,65
Philadelphia Phillies,1,2,-1,15,65
Pittsburgh Pirates,2,1,1,-61,66
Arizona Diamondbacks,2,4,-2,-19,66
Cincinnati Reds,4,2,2,39,67
Chicago Cubs,0,4,-4,105,65
Detroit Tigers,4,0,4,92,67
Houston Astros,2,4,-2,23,65
Cleveland Guardians,4,2,2,-20,65
Toronto Blue Jays,3,6,-3,-1,65
Minnesota Twins,6,3,3,38,66
Kansas City Royals,7,5,2,-9,66
Chicago White Sox,5,7,-2,-51,66
Los Angeles Dodgers,7,3,4,74,66
St. Louis Cardinals,3,7,-4,28,65
New York Mets,13,5,8,88,66
Colorado Rockies,5,13,-8,-198,65
Baltimore Orioles,1,5,-4,-89,64
Athletics,5,1,4,-115,67
Atlanta Braves,3,4,-1,3,64
San Francisco Giants,4,3,1,45,66
Seattle Mariners,3,2,1,0,64
Los Angeles Angels,2,3,-1,-55,64
Boston Red Sox,11,7,4,17,67
New York Yankees,7,11,-4,95,64
Cincinnati Reds,7,4,3,42,68
Cleveland Guardians,4,7,-3,-23,66
Miami Marlins,3,10,-7,-91,64
Pittsburgh Pirates,10,3,7,-54,67
Chicago Cubs,3,4,-1,104,66
Philadelphia Phillies,4,3,1,16,66
Tampa Bay Rays,10,8,2,50,66
Boston Red Sox,8,10,-2,15,68
Atlanta Braves,7,1,6,9,65
Milwaukee Brewers,1,7,-6,17,67
Toronto Blue Jays,5,4,1,0,66
St. Louis Cardinals,4,5,-1,27,66
Athletics,4,7,-3,-118,68
Los Angeles Angels,7,4,3,-52,65
Los Angeles Dodgers,8,7,1,75,67
San Diego Padres,7,8,-1,17,65
Seattle Mariners,4,8,-4,-4,65
Arizona Diamondbacks,8,4,4,-15,67
Detroit Tigers,5,3,2,94,68
Baltimore Orioles,3,5,-2,-91,65
Cincinnati Reds,1,0,1,43,69
Cleveland Guardians,0,1,-1,-24,67
Miami Marlins,3,2,1,-90,65
Pittsburgh Pirates,2,3,-1,-55,68
Chicago Cubs,8,4,4,108,67
Philadelphia Phillies,4,8,-4,12,67
Washington Nationals,4,5,-1,-52,66
New York Mets,5,4,1,89,67
Tampa Bay Rays,1,3,-2,48,67
Boston Red Sox,3,1,2,17,69
Texas Rangers,16,4,12,14,67
Minnesota Twins,4,16,-12,26,67
New York Yankees,10,2,8,103,65
Kansas City Royals,2,10,-8,-17,67
Atlanta Braves,1,4,-3,6,66
Milwaukee Brewers,4,1,3,20,68
Toronto Blue Jays,10,9,1,1,67
St. Louis Cardinals,9,10,-1,26,67
Chicago White Sox,4,2,2,-49,67
Houston Astros,2,4,-2,21,66
San Francisco Giants,6,5,1,46,67
Colorado Rockies,5,6,-1,-199,66
Athletics,1,2,-1,-119,69
Los Angeles Angels,2,1,1,-51,66
Los Angeles Dodgers,1,11,-10,65,68
San Diego Padres,11,1,10,27,66
Seattle Mariners,3,10,-7,-11,66
Arizona Diamondbacks,10,3,7,-8,68
Miami Marlins,2,5,-3,-93,66
Pittsburgh Pirates,5,2,3,-52,69
Chicago Cubs,2,7,-5,103,68
Philadelphia Phillies,7,2,5,17,68
Cincinnati Reds,2,11,-9,34,70
Cleveland Guardians,11,2,9,-15,68
Atlanta Braves,6,2,4,10,67
Milwaukee Brewers,2,6,-4,16,69
Toronto Blue Jays,5,2,3,4,68
St. Louis Cardinals,2,5,-3,23,68
Seattle Mariners,2,5,-3,-14,67
Arizona Diamondbacks,5,2,3,-5,69
Athletics,5,6,-1,-120,70
Los Angeles Angels,6,5,1,-50,67
Los Angeles Dodgers,5,2,3,68,69
San Diego Padres,2,5,-3,24,67
Detroit Tigers,1,10,-9,85,69
Baltimore Orioles,10,1,9,-82,66
Washington Nationals,0,5,-5,-57,67
New York Mets,5,0,5,94,68
Tampa Bay Rays,3,4,-1,47,68
Boston Red Sox,4,3,1,18,70
Texas Rangers,2,6,-4,10,68
Minnesota Twins,6,2,4,30,68
New York Yankees,6,3,3,106,66
Kansas City Royals,3,6,-3,-20,68
Chicago White Sox,2,10,-8,-57,68
Houston Astros,10,2,8,29,67
San Francisco Giants,10,7,3,49,68
Colorado Rockies,7,10,-3,-202,67
Washington Nationals,3,4,-1,-58,68
New York Mets,4,3,1,95,69
Texas Rangers,16,3,13,23,69
Minnesota Twins,3,16,-13,17,69
San Francisco Giants,7,8,-1,48,69
Colorado Rockies,8,7,1,-201,68
Detroit Tigers,4,1,3,88,70
Baltimore Orioles,1,4,-3,-85,67
New York Yankees,1,0,1,107,67
Kansas City Royals,0,1,-1,-21,69
St. Louis Cardinals,0,6,-6,17,69
Milwaukee Brewers,6,0,6,22,70
Pittsburgh Pirates,2,3,-1,-53,70
Chicago Cubs,3,2,1,104,69
Chicago White Sox,3,4,-1,-58,69
Houston Astros,4,3,1,30,68
Pittsburgh Pirates,2,1,1,-52,71
Chicago Cubs,1,2,-1,103,70
Toronto Blue Jays,0,8,-8,-4,69
Philadelphia Phillies,8,0,8,25,69
Miami Marlins,11,9,2,-91,67
Washington Nationals,9,11,-2,-60,69
Los Angeles Angels,0,2,-2,-52,68
Baltimore Orioles,2,0,2,-83,68
Cincinnati Reds,5,11,-6,28,71
Detroit Tigers,11,5,6,94,71
Tampa Bay Rays,7,5,2,49,69
New York Mets,5,7,-2,93,70
New York Yankees,1,2,-1,106,68
Boston Red Sox,2,1,1,19,71
Colorado Rockies,4,12,-8,-209,69
Atlanta Braves,12,4,8,18,68
Chicago White Sox,1,3,-2,-60,70
Texas Rangers,3,1,2,25,70
Athletics,6,4,2,-118,71
Kansas City Royals,4,6,-2,-23,70
Minnesota Twins,3,10,-7,10,70
Houston Astros,10,3,7,37,69
St. Louis Cardinals,2,3,-1,16,70
Milwaukee Brewers,3,2,1,23,71
San Diego Padres,1,5,-4,20,68
Arizona Diamondbacks,5,1,4,-1,70
Cleveland Guardians,2,7,-5,-20,69
Seattle Mariners,7,2,5,-9,68
San Francisco Giants,6,2,4,52,70
Los Angeles Dodgers,2,6,-4,64,70
Miami Marlins,4,3,1,-90,68
Washington Nationals,3,4,-1,-61,70
Cincinnati Reds,11,1,10,38,72
Detroit Tigers,1,11,-10,84,72
Pittsburgh Pirates,1,2,-1,-53,72
Chicago Cubs,2,1,1,104,71
Los Angeles Angels,5,6,-1,-53,69
Baltimore Orioles,6,5,1,-82,69
Toronto Blue Jays,2,3,-1,-5,70
Philadelphia Phillies,3,2,1,26,70
Chicago White Sox,4,5,-1,-61,71
Texas Rangers,5,4,1,26,71
Athletics,4,0,4,-114,72
Kansas City Royals,0,4,-4,-27,71
Tampa Bay Rays,8,4,4,53,70
New York Mets,4,8,-4,89,71
Minnesota Twins,2,3,-1,9,71
Houston Astros,3,2,1,38,70
Colorado Rockies,1,4,-3,-212,70
Atlanta Braves,4,1,3,21,69
St. Louis Cardinals,8,5,3,19,71
Milwaukee Brewers,5,8,-3,20,72
San Diego Padres,7,8,-1,19,69
Arizona Diamondbacks,8,7,1,0,71
New York Yankees,3,4,-1,105,69
Boston Red Sox,4,3,1,20,72
Cleveland Guardians,3,4,-1,-21,70
Seattle Mariners,4,3,1,-8,69
San Francisco Giants,5,11,-6,46,71
Los Angeles Dodgers,11,5,6,70,71
Cincinnati Reds,8,4,4,42,73
Detroit Tigers,4,8,-4,80,73
Los Angeles Angels,2,11,-9,-62,70
Baltimore Orioles,11,2,9,-73,70
Toronto Blue Jays,4,11,-7,-12,71
Philadelphia Phillies,11,4,7,33,71
Colorado Rockies,10,1,9,-203,71
Atlanta Braves,1,10,-9,12,70
Miami Marlins,3,1,2,-88,69
Washington Nationals,1,3,-2,-63,71
New York Yankees,0,2,-2,103,70
Boston Red Sox,2,0,2,22,73
Tampa Bay Rays,9,0,9,62,71
New York Mets,0,9,-9,80,72
Athletics,3,2,1,-113,73
Kansas City Royals,2,3,-1,-28,72
Minnesota Twins,1,2,-1,8,72
Houston Astros,2,1,1,39,71
St. Louis Cardinals,2,3,-1,18,72
Milwaukee Brewers,3,2,1,21,73
Pittsburgh Pirates,2,3,-1,-54,73
Chicago Cubs,3,2,1,105,72
Chicago White Sox,1,2,-1,-62,72
Texas Rangers,2,1,1,27,72
San Diego Padres,8,2,6,25,70
Arizona Diamondbacks,2,8,-6,-6,72
Cleveland Guardians,0,6,-6,-27,71
Seattle Mariners,6,0,6,-2,70
San Francisco Giants,4,5,-1,45,72
Los Angeles Dodgers,5,4,1,71,72
Philadelphia Phillies,5,2,3,36,72
Miami Marlins,2,5,-3,-91,70
Colorado Rockies,6,4,2,-201,72
Washington Nationals,4,6,-2,-65,72
Los Angeles Angels,1,0,1,-61,71
New York Yankees,0,1,-1,102,71
Baltimore Orioles,1,7,-6,-79,71
Tampa Bay Rays,7,1,6,68,72
Boston Red Sox,2,0,2,24,74
Seattle Mariners,0,2,-2,-4,71
Houston Astros,1,3,-2,37,72
Athletics,3,1,2,-111,74
San Diego Padres,3,6,-3,22,71
Los Angeles Dodgers,6,3,3,74,73
Philadelphia Phillies,3,8,-5,31,73
Miami Marlins,8,3,5,-86,71
Pittsburgh Pirates,3,7,-4,-58,74
Detroit Tigers,7,3,4,84,74
Colorado Rockies,10,6,4,-197,73
Washington Nationals,6,10,-4,-69,73
Los Angeles Angels,4,0,4,-57,72
New York Yankees,0,4,-4,98,72
Arizona Diamondbacks,4,5,-1,-7,73
Toronto Blue Jays,5,4,1,-11,72
Minnesota Twins,5,6,-1,7,73
Cincinnati Reds,6,5,1,43,74
New York Mets,4,5,-1,79,73
Atlanta Braves,5,4,1,13,71
Baltimore Orioles,5,1,4,-75,72
Tampa Bay Rays,1,5,-4,64,73
St. Louis Cardinals,12,2,10,28,73
Chicago White Sox,2,12,-10,-72,73
Kansas City Royals,6,1,5,-23,73
Texas Rangers,1,6,-5,22,73
Milwaukee Brewers,3,5,-2,19,74
Chicago Cubs,5,3,2,107,73
Boston Red Sox,0,8,-8,16,75
Seattle Mariners,8,0,8,4,72
Cleveland Guardians,3,2,1,-26,72
San Francisco Giants,2,3,-1,44,73
Houston Astros,13,3,10,47,73
Athletics,3,13,-10,-121,75
San Diego Padres,6,8,-2,20,72
Los Angeles Dodgers,8,6,2,76,74
Boston Red Sox,3,1,2,18,76
Seattle Mariners,1,3,-2,2,73
Philadelphia Phillies,4,2,2,33,74
Miami Marlins,2,4,-2,-88,72
Colorado Rockies,3,1,2,-195,74
Washington Nationals,1,3,-2,-71,74
Los Angeles Angels,3,2,1,-56,73
New York Yankees,2,3,-1,97,73
Arizona Diamondbacks,1,8,-7,-14,74
Toronto Blue Jays,8,1,7,-4,73
Minnesota Twins,2,4,-2,5,74
Cincinnati Reds,4,2,2,45,75
New York Mets,0,5,-5,74,74
Atlanta Braves,5,0,5,18,72
Baltimore Orioles,8,12,-4,-79,73
Tampa Bay Rays,12,8,4,68,74
Kansas City Royals,6,3,3,-20,74
Texas Rangers,3,6,-3,19,74
Cleveland Guardians,4,2,2,-24,73
San Francisco Giants,2,4,-2,42,74
Houston Astros,11,4,7,54,74
Athletics,4,11,-7,-128,76
San Diego Padres,3,4,-1,19,73
Los Angeles Dodgers,4,3,1,77,75
Minnesota Twins,12,5,7,12,75
Cincinnati Reds,5,12,-7,38,76
Colorado Rockies,3,4,-1,-196,75
Washington Nationals,4,3,1,-70,75
Los Angeles Angels,3,7,-4,-60,74
New York Yankees,7,3,4,101,74
Pittsburgh Pirates,2,9,-7,-65,75
Detroit Tigers,9,2,7,91,75
Pittsburgh Pirates,8,4,4,-61,76
Detroit Tigers,4,8,-4,87,76
St. Louis Cardinals,5,4,1,29,74
Chicago White Sox,4,5,-1,-73,74
St. Louis Cardinals,8,6,2,31,75
Chicago White Sox,6,8,-2,-75,75
Milwaukee Brewers,8,7,1,20,75
Chicago Cubs,7,8,-1,106,74
Kansas City Royals,4,1,3,-17,75
Texas Rangers,1,4,-3,16,75
Arizona Diamondbacks,9,5,4,-10,75
Toronto Blue Jays,5,9,-4,-8,74
Cleveland Guardians,1,2,-1,-25,74
San Francisco Giants,2,1,1,43,75
Philadelphia Phillies,2,1,1,34,75
Miami Marlins,1,2,-1,-89,73
New York Mets,1,7,-6,68,75
Atlanta Braves,7,1,6,24,73
Baltimore Orioles,4,1,3,-76,74
Tampa Bay Rays,1,4,-3,65,75
Houston Astros,4,6,-2,52,75
Athletics,6,4,2,-126,77
San Diego Padres,5,3,2,21,74
Los Angeles Dodgers,3,5,-2,75,76
Seattle Mariners,9,4,5,7,74
Chicago Cubs,4,9,-5,101,75
Texas Rangers,6,2,4,20,76
Pittsburgh Pirates,2,6,-4,-65,77
Detroit Tigers,8,14,-6,81,77
Tampa Bay Rays,14,8,6,71,76
Baltimore Orioles,5,3,2,-74,75
New York Yankees,3,5,-2,99,75
Chicago White Sox,7,1,6,-69,76
Toronto Blue Jays,1,7,-6,-14,75
Atlanta Braves,2,6,-4,20,74
Miami Marlins,6,2,4,-85,74
Cincinnati Reds,1,6,-5,33,77
St. Louis Cardinals,6,1,5,36,76
New York Mets,2,10,-8,60,76
Philadelphia Phillies,10,2,8,42,76
Milwaukee Brewers,17,6,11,31,76
Minnesota Twins,6,17,-11,1,76
Arizona Diamondbacks,14,8,6,-4,76
Colorado Rockies,8,14,-6,-202,76
Houston Astros,3,2,1,53,76
Los Angeles Angels,2,3,-1,-61,75
Kansas City Royals,6,5,1,-16,76
San Diego Padres,5,6,-1,20,75
Cleveland Guardians,1,5,-4,-29,75
Athletics,5,1,4,-122,78
Washington Nationals,5,6,-1,-71,76
Los Angeles Dodgers,6,5,1,76,77
Boston Red Sox,7,5,2,20,77
San Francisco Giants,5,7,-2,41,76
Detroit Tigers,3,8,-5,76,78
Tampa Bay Rays,8,3,5,76,77
Baltimore Orioles,0,9,-9,-83,76
New York Yankees,9,0,9,108,76
Milwaukee Brewers,9,0,9,40,77
Minnesota Twins,0,9,-9,-8,77
Cincinnati Reds,5,6,-1,32,78
St. Louis Cardinals,6,5,1,37,77
Seattle Mariners,7,10,-3,4,75
Chicago Cubs,10,7,3,104,76
Chicago White Sox,1,7,-6,-75,77
Toronto Blue Jays,7,1,6,-8,76
Boston Red Sox,2,3,-1,19,78
San Francisco Giants,3,2,1,42,77
Texas Rangers,3,2,1,21,77
Pittsburgh Pirates,2,3,-1,-66,78
Atlanta Braves,7,0,7,27,75
Miami Marlins,0,7,-7,-92,75
Kansas City Royals,1,5,-4,-20,77
San Diego Padres,5,1,4,24,76
New York Mets,11,4,7,67,77
Philadelphia Phillies,4,11,-7,35,77
Arizona Diamondbacks,5,3,2,-2,77
Colorado Rockies,3,5,-2,-204,77
Houston Astros,1,9,-8,45,77
Los Angeles Angels,9,1,8,-53,76
Cleveland Guardians,4,2,2,-27,76
Athletics,2,4,-2,-124,79
Washington Nationals,7,3,4,-67,77
Los Angeles Dodgers,3,7,-4,72,78
Baltimore Orioles,2,4,-2,-85,77
New York Yankees,4,2,2,110,77
Detroit Tigers,9,3,6,82,79
Tampa Bay Rays,3,9,-6,70,78
Texas Rangers,3,8,-5,16,78
Pittsburgh Pirates,8,3,5,-61,79
Chicago White Sox,4,2,2,-73,78
Toronto Blue Jays,2,4,-2,-10,77
Atlanta Braves,3,5,-2,25,76
Miami Marlins,5,3,2,-90,76
Milwaukee Brewers,9,8,1,41,78
Minnesota Twins,8,9,-1,-9,78
Cincinnati Reds,4,1,3,35,79
St. Louis Cardinals,1,4,-3,34,78
Seattle Mariners,14,6,8,12,76
Chicago Cubs,6,14,-8,96,77
Arizona Diamondbacks,2,4,-2,-4,78
Colorado Rockies,4,2,2,-202,78
Cleveland Guardians,3,0,3,-24,77
Athletics,0,3,-3,-127,80
Boston Red Sox,5,9,-4,15,79
San Francisco Giants,9,5,4,46,78
Houston Astros,8,7,1,46,78
Los Angeles Angels,7,8,-1,-54,77
Washington Nationals,7,13,-6,-73,78
Los Angeles Dodgers,13,7,6,78,79
Kansas City Royals,2,3,-1,-21,78
San Diego Padres,3,2,1,25,77
New York Mets,1,7,-6,61,78
Philadelphia Phillies,7,1,6,41,78
Texas Rangers,0,6,-6,10,79
Baltimore Orioles,6,0,6,-79,78
Atlanta Braves,3,2,1,26,77
New York Mets,2,3,-1,60,79
New York Yankees,1,6,-5,105,78
Cincinnati Reds,6,1,5,40,80
Seattle Mariners,11,2,9,21,77
Minnesota Twins,2,11,-9,-18,79
Arizona Diamondbacks,10,0,10,6,79
Chicago White Sox,0,10,-10,-83,79
Pittsburgh Pirates,5,4,1,-60,80
Milwaukee Brewers,4,5,-1,40,79
Chicago Cubs,2,8,-6,90,78
St. Louis Cardinals,8,2,6,40,79
Boston Red Sox,5,9,-4,11,80
Los Angeles Angels,9,5,4,-50,78
Washington Nationals,10,6,4,-69,79
San Diego Padres,6,10,-4,21,78
Texas Rangers,6,5,1,11,80
Baltimore Orioles,5,6,-1,-80,79
Athletics,4,11,-7,-134,81
Detroit Tigers,11,4,7,89,80
Toronto Blue Jays,10,6,4,-6,78
Cleveland Guardians,6,10,-4,-28,78
Atlanta Braves,7,4,3,29,78
New York Mets,4,7,-3,57,80
New York Yankees,4,5,-1,104,79
Cincinnati Reds,5,4,1,41,81
Tampa Bay Rays,5,1,4,74,79
Kansas City Royals,1,5,-4,-25,79
Seattle Mariners,6,5,1,22,78
Minnesota Twins,5,6,-1,-19,80
Arizona Diamondbacks,4,1,3,9,80
Chicago White Sox,1,4,-3,-86,80
Pittsburgh Pirates,3,9,-6,-66,81
Milwaukee Brewers,9,3,6,46,80
Chicago Cubs,7,8,-1,89,79
St. Louis Cardinals,8,7,1,41,80
Philadelphia Phillies,0,1,-1,40,79
Houston Astros,1,0,1,47,79
Los Angeles Dodgers,9,7,2,80,80
Colorado Rockies,7,9,-2,-204,79
Boston Red Sox,2,3,-1,10,81
Los Angeles Angels,3,2,1,-49,79
Washington Nationals,3,4,-1,-70,80
San Diego Padres,4,3,1,22,79
Miami Marlins,4,2,2,-88,77
San Francisco Giants,2,4,-2,44,79
Arizona Diamondbacks,3,7,-4,5,81
Chicago White Sox,7,3,4,-82,81
Pittsburgh Pirates,2,4,-2,-68,82
Milwaukee Brewers,4,2,2,48,81
Boston Red Sox,2,5,-3,7,82
Los Angeles Angels,5,2,3,-46,80
Washington Nationals,0,1,-1,-71,81
San Diego Padres,1,0,1,23,80
Texas Rangers,7,0,7,18,81
Baltimore Orioles,0,7,-7,-87,80
Athletics,3,0,3,-131,82
Detroit Tigers,0,3,-3,86,81
Toronto Blue Jays,4,5,-1,-7,79
Cleveland Guardians,5,4,1,-27,79
Atlanta Braves,3,7,-4,25,79
New York Mets,7,3,4,61,81
New York Yankees,7,1,6,110,80
Cincinnati Reds,1,7,-6,35,82
Tampa Bay Rays,3,0,3,77,80
Kansas City Royals,0,3,-3,-28,80
Seattle Mariners,0,2,-2,20,79
Minnesota Twins,2,0,2,-17,81
Chicago Cubs,8,0,8,97,80
St. Louis Cardinals,0,8,-8,33,81
Philadelphia Phillies,0,2,-2,38,80
Houston Astros,2,0,2,49,80
Los Angeles Dodgers,8,1,7,87,81
Colorado Rockies,1,8,-7,-211,80
Miami Marlins,8,5,3,-85,78
San Francisco Giants,5,8,-3,41,80
Athletics,0,8,-8,-139,83
Detroit Tigers,8,0,8,94,82
Toronto Blue Jays,6,0,6,-1,80
Cleveland Guardians,0,6,-6,-33,80
Seattle Mariners,1,10,-9,11,80
Minnesota Twins,10,1,9,-8,82
Tampa Bay Rays,4,0,4,81,81
Kansas City Royals,0,4,-4,-32,81
Philadelphia Phillies,1,2,-1,37,81
Houston Astros,2,1,1,50,81
Chicago Cubs,3,0,3,100,81
St. Louis Cardinals,0,3,-3,30,82
Los Angeles Dodgers,3,1,2,89,82
Colorado Rockies,1,3,-2,-213,81
Miami Marlins,12,5,7,-78,79
San Francisco Giants,5,12,-7,34,81
Atlanta Braves,0,4,-4,21,80
New York Mets,4,0,4,65,82
