game_pk,stadium,temperature,condition,wind
778563,Tokyo Dome,72,Dome,"0 mph, None"
778564,Tokyo Dome,72,Dome,"0 mph, None"
778557,Yankee Stadium,48,Sunny,"17 mph, Out To LF"
778556,Rogers Centre,68,Roof Closed,"0 mph, None"
778553,Globe Life Field,74,Roof Closed,"0 mph, None"
778555,Nationals Park,57,Sunny,"5 mph, L To R"
778558,Kauffman Stadium,76,Partly Cloudy,"12 mph, R To L"
778559,Daikin Park,73,Roof Closed,"0 mph, None"
778561,Great American Ball Park,61,Partly Cloudy,"10 mph, R To L"
778545,Petco Park,66,Partly Cloudy,"9 mph, L To R"
778554,Rate Field,54,Cloudy,"11 mph, In From RF"
778562,loanDepot park,76,Sunny,"7 mph, In From LF"
778551,Busch Stadium,63,Cloudy,"8 mph, In From RF"
778546,Dodger Stadium,69,Partly Cloudy,"3 mph, Out To RF"
778552,Chase Field,87,Clear,"6 mph, L To R"
778547,T-Mobile Park,55,Roof Closed,"0 mph, Calm"
778560,George M. Steinbrenner Field,84,Partly Cloudy,"14 mph, R To L"
778549,Rogers Centre,72,Roof Closed,"0 mph, None"
778548,loanDepot park,77,Partly Cloudy,"15 mph, In From LF"
778550,Globe Life Field,74,Roof Closed,"0 mph, None"
778518,Daikin Park,73,Roof Closed,"0 mph, None"
778543,Chase Field,80,Partly Cloudy,"7 mph, L To R"
778541,T-Mobile Park,52,Roof Closed,"6 mph, Out To LF"
778542,Petco Park,59,Partly Cloudy,"8 mph, L To R"
778544,Dodger Stadium,61,Cloudy,"7 mph, Out To CF"
778538,Yankee Stadium,78,Partly Cloudy,"15 mph, Out To CF"
778534,Rate Field,67,Partly Cloudy,"14 mph, In From RF"
778528,Busch Stadium,68,Cloudy,"10 mph, Out To LF"
778536,Rogers Centre,68,Roof Closed,"0 mph, None"
778535,Nationals Park,81,Overcast,"7 mph, Out To RF"
778529,Kauffman Stadium,77,Partly Cloudy,"17 mph, R To L"
778540,Great American Ball Park,76,Partly Cloudy,"14 mph, In From RF"
778537,George M. Steinbrenner Field,84,Partly Cloudy,"7 mph, In From CF"
778539,loanDepot park,72,Roof Closed,"0 mph, None"
778531,Globe Life Field,74,Roof Closed,"0 mph, None"
778530,Daikin Park,73,Roof Closed,"0 mph, None"
778520,Petco Park,62,Partly Cloudy,"9 mph, L To R"
778532,Chase Field,79,Clear,"2 mph, In From CF"
778533,Dodger Stadium,63,Partly Cloudy,"1 mph, L To R"
778521,T-Mobile Park,56,Partly Cloudy,"2 mph, Out To RF"
778526,Nationals Park,79,Partly Cloudy,"16 mph, Out To CF"
778523,Yankee Stadium,44,Partly Cloudy,"10 mph, In From LF"
778525,Rogers Centre,68,Roof Closed,"0 mph, None"
778522,Great American Ball Park,69,Cloudy,"12 mph, R To L"
778524,George M. Steinbrenner Field,80,Partly Cloudy,"12 mph, R To L"
778519,loanDepot park,72,Roof Closed,"0 mph, None"
778510,Kauffman Stadium,45,Partly Cloudy,"14 mph, L To R"
778527,Rate Field,76,Partly Cloudy,"7 mph, R To L"
778517,Busch Stadium,74,Partly Cloudy,"14 mph, R To L"
778516,Globe Life Field,74,Roof Closed,"0 mph, None"
778515,Chase Field,79,Sunny,"6 mph, Varies"
778513,T-Mobile Park,59,Partly Cloudy,"2 mph, R To L"
778514,Petco Park,63,Partly Cloudy,"10 mph, L To R"
778506,Rate Field,39,Cloudy,"12 mph, Out To CF"
778504,American Family Field,65,Roof Closed,"0 mph, None"
778512,Oriole Park at Camden Yards,82,Partly Cloudy,"6 mph, Out To CF"
778502,Citizens Bank Park,77,Partly Cloudy,"16 mph, Out To CF"
778511,Great American Ball Park,44,Cloudy,"10 mph, Out To CF"
778509,loanDepot park,72,Roof Closed,"0 mph, None"
778508,George M. Steinbrenner Field,79,Partly Cloudy,"10 mph, Out To CF"
778507,Rogers Centre,68,Roof Closed,"0 mph, None"
778503,Busch Stadium,52,Partly Cloudy,"7 mph, L To R"
778505,Daikin Park,73,Roof Closed,"0 mph, None"
778499,Petco Park,60,Cloudy,"7 mph, L To R"
778496,T-Mobile Park,47,Roof Closed,"0 mph, Calm"
778501,Sutter Health Park,52,Partly Cloudy,"12 mph, Varies"
778500,Dodger Stadium,59,Partly Cloudy,"4 mph, Out To RF"
778498,Great American Ball Park,55,Partly Cloudy,"6 mph, In From CF"
778497,loanDepot park,81,Cloudy,"8 mph, In From CF"
778493,George M. Steinbrenner Field,85,Clear,"10 mph, Out To CF"
778492,Yankee Stadium,50,Partly Cloudy,"10 mph, Out To RF"
778491,Rogers Centre,68,Roof Closed,"0 mph, None"
778490,Rate Field,42,Cloudy,"14 mph, In From LF"
778488,American Family Field,63,Roof Closed,"0 mph, None"
778495,Busch Stadium,59,Cloudy,"17 mph, R To L"
778489,Daikin Park,73,Roof Closed,"0 mph, None"
778485,Petco Park,61,Partly Cloudy,"11 mph, In From LF"
778486,T-Mobile Park,53,Roof Closed,"5 mph, Out To LF"
778494,Sutter Health Park,55,Partly Cloudy,"12 mph, Out To CF"
778487,Dodger Stadium,60,Partly Cloudy,"12 mph, Out To RF"
778480,Great American Ball Park,71,Partly Cloudy,"16 mph, R To L"
778479,George M. Steinbrenner Field,89,Sunny,"13 mph, R To L"
778477,American Family Field,64,Roof Closed,"0 mph, None"
778473,Busch Stadium,75,Overcast,"25 mph, Out To LF"
778474,Rate Field,61,Partly Cloudy,"11 mph, In From CF"
778478,Rogers Centre,68,Roof Closed,"0 mph, None"
778471,Sutter Health Park,57,Sunny,"6 mph, L To R"
778476,Petco Park,60,Partly Cloudy,"16 mph, L To R"
778469,T-Mobile Park,50,Roof Closed,"0 mph, None"
778475,Daikin Park,73,Roof Closed,"0 mph, None"
778481,loanDepot park,84,Partly Cloudy,"13 mph, In From LF"
778483,Oriole Park at Camden Yards,57,Overcast,"5 mph, Out To LF"
778482,Citizens Bank Park,47,Cloudy,"14 mph, R To L"
778484,Yankee Stadium,42,Partly Cloudy,"13 mph, R To L"
778472,Dodger Stadium,63,Partly Cloudy,"12 mph, Out To RF"
778470,Oriole Park at Camden Yards,71,Overcast,"12 mph, Out To LF"
778467,Citizens Bank Park,71,Drizzle,"12 mph, Out To CF"
778462,Target Field,42,Partly Cloudy,"9 mph, Out To CF"
778466,Yankee Stadium,71,Cloudy,"9 mph, Out To LF"
778468,American Family Field,61,Roof Closed,"0 mph, None"
778458,Comerica Park,50,Sunny,"8 mph, L To R"
778463,Fenway Park,67,Sunny,"8 mph, L To R"
778460,Wrigley Field,44,Cloudy,"9 mph, In From CF"
778465,Citi Field,69,Cloudy,"11 mph, L To R"
778456,Coors Field,37,Snow,"13 mph, In From RF"
778461,PNC Park,58,Cloudy,"4 mph, In From LF"
778444,Oracle Park,62,Sunny,"9 mph, Varies"
778457,Nationals Park,72,Partly Cloudy,"7 mph, In From CF"
778459,Citizens Bank Park,67,Partly Cloudy,"8 mph, In From CF"
778464,Truist Park,86,Cloudy,"8 mph, L To R"
778455,Kauffman Stadium,47,Cloudy,"11 mph, L To R"
778454,Globe Life Field,74,Roof Closed,"0 mph, None"
778453,American Family Field,66,Roof Closed,"0 mph, None"
778447,Angel Stadium,65,Clear,"8 mph, Out To RF"
778445,Comerica Park,46,Cloudy,"6 mph, Out To CF"
778440,Target Field,38,Sunny,"8 mph, Out To RF"
778450,Wrigley Field,49,Partly Cloudy,"10 mph, In From LF"
778452,Nationals Park,73,Cloudy,"9 mph, Out To LF"
778448,Citizens Bank Park,55,Cloudy,"9 mph, R To L"
778449,PNC Park,70,Overcast,"10 mph, Out To LF"
778441,Kauffman Stadium,45,Partly Cloudy,"17 mph, In From LF"
778438,Globe Life Field,74,Roof Closed,"0 mph, None"
778446,Citi Field,45,Cloudy,"7 mph, In From RF"
778439,American Family Field,68,Roof Closed,"0 mph, None"
778451,Truist Park,86,Partly Cloudy,"8 mph, Out To RF"
778442,Coors Field,41,Clear,"3 mph, In From LF"
778436,Oracle Park,66,Clear,"7 mph, Out To CF"
778437,Angel Stadium,75,Clear,"11 mph, Out To RF"
778443,Fenway Park,47,Overcast,"6 mph, L To R"
778429,Nationals Park,59,Overcast,"14 mph, In From LF"
778443,Fenway Park,47,Overcast,"6 mph, L To R"
778432,Fenway Park,53,Partly Cloudy,"2 mph, Out To RF"
778434,Citizens Bank Park,56,Cloudy,"9 mph, In From LF"
778428,PNC Park,41,Overcast,"10 mph, L To R"
778435,Citi Field,52,Cloudy,"9 mph, In From LF"
778433,Comerica Park,45,Partly Cloudy,"7 mph, Out To RF"
778422,Kauffman Stadium,50,Partly Cloudy,"8 mph, In From LF"
778419,Target Field,52,Sunny,"10 mph, Out To LF"
778421,American Family Field,67,Roof Closed,"0 mph, None"
778430,Wrigley Field,44,Sunny,"4 mph, In From CF"
778420,Globe Life Field,74,Roof Closed,"0 mph, None"
778423,Coors Field,52,Partly Cloudy,"10 mph, In From LF"
778427,Oracle Park,60,Partly Cloudy,"8 mph, Out To CF"
778425,Angel Stadium,81,Sunny,"5 mph, Out To CF"
778424,Comerica Park,38,Cloudy,"16 mph, Out To LF"
778415,PNC Park,55,Partly Cloudy,"12 mph, Out To CF"
778418,Nationals Park,45,Cloudy,"8 mph, In From CF"
778426,Fenway Park,38,Overcast,"4 mph, In From RF"
778416,Citi Field,42,Cloudy,"5 mph, In From CF"
778411,Wrigley Field,34,Cloudy,"17 mph, In From LF"
778412,Kauffman Stadium,52,Clear,"14 mph, L To R"
778413,Chase Field,82,Partly Cloudy,"2 mph, L To R"
778405,T-Mobile Park,52,Roof Closed,"0 mph, None"
778410,Oracle Park,56,Partly Cloudy,"9 mph, Out To CF"
778414,Sutter Health Park,67,Partly Cloudy,"7 mph, Out To LF"
778403,Comerica Park,34,Sunny,"10 mph, Out To LF"
778402,Progressive Field,35,Partly Cloudy,"14 mph, In From LF"
778407,Citi Field,43,Partly Cloudy,"19 mph, L To R"
778408,PNC Park,38,Partly Cloudy,"13 mph, Out To CF"
778409,Nationals Park,46,Clear,"17 mph, L To R"
778404,Fenway Park,35,Partly Cloudy,"5 mph, L To R"
778417,George M. Steinbrenner Field,66,Partly Cloudy,"10 mph, L To R"
778406,Truist Park,60,Clear,"11 mph, R To L"
778401,Wrigley Field,35,Clear,"11 mph, In From RF"
778400,Kauffman Stadium,58,Clear,"14 mph, Out To LF"
778394,Coors Field,71,Cloudy,"4 mph, L To R"
778396,Chase Field,85,Clear,"6 mph, L To R"
778398,T-Mobile Park,50,Roof Closed,"12 mph, Out To CF"
778397,Oracle Park,59,Clear,"14 mph, Out To CF"
778395,Sutter Health Park,71,Clear,"7 mph, Out To RF"
778389,PNC Park,39,Sunny,"7 mph, Out To LF"
778390,Citi Field,44,Sunny,"7 mph, L To R"
778387,Comerica Park,42,Cloudy,"2 mph, In From RF"
778385,Wrigley Field,40,Overcast,"15 mph, Out To LF"
778381,Sutter Health Park,75,Sunny,"5 mph, L To R"
778380,Chase Field,78,Roof Closed,"0 mph, None"
778376,Oracle Park,65,Sunny,"5 mph, Out To CF"
778392,Nationals Park,52,Sunny,"6 mph, Out To RF"
778383,T-Mobile Park,52,Partly Cloudy,"1 mph, Out To LF"
778391,Progressive Field,44,Cloudy,"5 mph, R To L"
778386,Fenway Park,46,Clear,"3 mph, Out To RF"
778399,George M. Steinbrenner Field,73,Clear,"10 mph, L To R"
778393,Truist Park,67,Clear,"6 mph, In From LF"
778388,Kauffman Stadium,74,Partly Cloudy,"6 mph, L To R"
778379,Coors Field,71,Clear,"9 mph, L To R"
778382,George M. Steinbrenner Field,75,Partly Cloudy,"5 mph, L To R"
778378,Progressive Field,44,Cloudy,"5 mph, Calm"
778373,Kauffman Stadium,67,Sunny,"23 mph, R To L"
778371,Coors Field,64,Sunny,"5 mph, L To R"
778377,Fenway Park,49,Cloudy,"9 mph, Out To CF"
778384,Truist Park,74,Overcast,"12 mph, R To L"
778375,Progressive Field,42,Cloudy,"6 mph, In From CF"
778374,Great American Ball Park,48,Cloudy,"10 mph, Out To RF"
778367,George M. Steinbrenner Field,73,Clear,"12 mph, Out To CF"
778370,Yankee Stadium,44,Rain,"13 mph, In From LF"
778369,loanDepot park,79,Clear,"9 mph, In From RF"
778366,Rate Field,48,Clear,"6 mph, L To R"
778368,Daikin Park,73,Roof Closed,"0 mph, None"
778363,Target Field,54,Partly Cloudy,"4 mph, Out To CF"
778365,Busch Stadium,54,Partly Cloudy,"6 mph, In From LF"
778361,Petco Park,70,Partly Cloudy,"5 mph, Out To RF"
778360,T-Mobile Park,52,Partly Cloudy,"8 mph, In From LF"
778364,Chase Field,76,Roof Closed,"0 mph, None"
778358,Sutter Health Park,73,Partly Cloudy,"12 mph, Out To CF"
778356,Dodger Stadium,73,Clear,"7 mph, Out To RF"
778348,Target Field,60,Cloudy,"12 mph, R To L"
778347,Busch Stadium,60,Sunny,"4 mph, R To L"
778355,Yankee Stadium,41,Drizzle,"11 mph, L To R"
778346,Sutter Health Park,69,Sunny,"5 mph, Out To RF"
778362,Oriole Park at Camden Yards,52,Cloudy,"10 mph, In From LF"
778353,George M. Steinbrenner Field,73,Sunny,"15 mph, L To R"
778349,Rate Field,57,Sunny,"8 mph, In From LF"
778354,loanDepot park,82,Sunny,"10 mph, Out To LF"
778359,Progressive Field,46,Clear,"5 mph, In From LF"
778357,Great American Ball Park,58,Clear,"6 mph, Out To RF"
778351,Daikin Park,73,Roof Closed,"0 mph, None"
778350,Chase Field,76,Roof Closed,"0 mph, None"
778352,Petco Park,63,Cloudy,"7 mph, L To R"
778345,Dodger Stadium,68,Partly Cloudy,"4 mph, L To R"
778341,T-Mobile Park,55,Partly Cloudy,"9 mph, In From CF"
778344,Oriole Park at Camden Yards,61,Partly Cloudy,"9 mph, L To R"
778339,Yankee Stadium,54,Cloudy,"13 mph, Out To RF"
778342,Progressive Field,57,Partly Cloudy,"7 mph, In From LF"
778343,Great American Ball Park,60,Cloudy,"8 mph, In From RF"
778340,George M. Steinbrenner Field,75,Sunny,"0 mph, None"
778337,loanDepot park,79,Sunny,"7 mph, Out To RF"
778329,Daikin Park,73,Roof Closed,"0 mph, None"
778335,Target Field,64,Partly Cloudy,"10 mph, In From RF"
778338,Rate Field,63,Cloudy,"7 mph, In From RF"
778336,Busch Stadium,73,Sunny,"20 mph, R To L"
778333,Sutter Health Park,79,Sunny,"14 mph, In From LF"
778330,Petco Park,64,Sunny,"7 mph, L To R"
778334,T-Mobile Park,54,Sunny,"3 mph, L To R"
778332,Chase Field,76,Roof Closed,"0 mph, None"
778331,Dodger Stadium,73,Sunny,"8 mph, Out To RF"
778321,PNC Park,75,Cloudy,"13 mph, Out To LF"
778320,Citizens Bank Park,68,Partly Cloudy,"5 mph, Out To CF"
778328,George M. Steinbrenner Field,78,Clear,"9 mph, L To R"
778327,Yankee Stadium,59,Cloudy,"7 mph, R To L"
778322,Rogers Centre,68,Roof Closed,"0 mph, None"
778324,Target Field,48,Cloudy,"18 mph, Out To RF"
778323,American Family Field,64,Roof Closed,"0 mph, None"
778325,Busch Stadium,63,Cloudy,"15 mph, Out To RF"
778315,Petco Park,63,Clear,"6 mph, L To R"
778326,Dodger Stadium,59,Clear,"1 mph, L To R"
778314,PNC Park,46,Cloudy,"14 mph, Out To LF"
778316,Great American Ball Park,53,Partly Cloudy,"16 mph, Out To LF"
778318,loanDepot park,79,Clear,"10 mph, R To L"
778313,Citizens Bank Park,56,Partly Cloudy,"25 mph, L To R"
778317,Oriole Park at Camden Yards,59,Partly Cloudy,"18 mph, Out To RF"
778319,George M. Steinbrenner Field,75,Clear,"12 mph, L To R"
778312,Yankee Stadium,55,Clear,"13 mph, L To R"
778311,Rogers Centre,68,Roof Closed,"0 mph, None"
778307,Target Field,53,Clear,"12 mph, Out To RF"
778309,Rate Field,54,Partly Cloudy,"12 mph, Out To CF"
778310,American Family Field,64,Roof Closed,"0 mph, None"
778308,Busch Stadium,62,Clear,"16 mph, L To R"
778306,Globe Life Field,74,Clear,"7 mph, R To L"
778305,Petco Park,62,Clear,"10 mph, L To R"
778302,Dodger Stadium,60,Partly Cloudy,"2 mph, Out To RF"
778297,Rogers Centre,68,Roof Closed,"0 mph, None"
778299,Target Field,53,Partly Cloudy,"12 mph, In From RF"
778295,American Family Field,66,Roof Closed,"0 mph, None"
778290,Busch Stadium,66,Sunny,"4 mph, R To L"
778288,Petco Park,65,Partly Cloudy,"6 mph, L To R"
778301,Oriole Park at Camden Yards,55,Clear,"22 mph, Out To RF"
778293,PNC Park,52,Clear,"14 mph, Out To RF"
778304,Great American Ball Park,58,Partly Cloudy,"9 mph, Out To CF"
778303,loanDepot park,78,Clear,"8 mph, L To R"
778296,Citizens Bank Park,53,Partly Cloudy,"22 mph, L To R"
778298,George M. Steinbrenner Field,76,Clear,"12 mph, L To R"
778300,Yankee Stadium,48,Partly Cloudy,"16 mph, Out To RF"
778294,Rate Field,42,Partly Cloudy,"10 mph, In From LF"
778289,Globe Life Field,74,Roof Closed,"0 mph, None"
778287,Dodger Stadium,59,Partly Cloudy,"4 mph, L To R"
778291,loanDepot park,78,Partly Cloudy,"11 mph, L To R"
778280,PNC Park,47,Sunny,"6 mph, L To R"
778285,Great American Ball Park,62,Partly Cloudy,"8 mph, R To L"
778283,Rate Field,64,Cloudy,"16 mph, Out To LF"
778279,Citizens Bank Park,62,Sunny,"13 mph, Out To CF"
778292,Oriole Park at Camden Yards,65,Clear,"2 mph, L To R"
778286,Comerica Park,60,Partly Cloudy,"3 mph, In From CF"
778282,George M. Steinbrenner Field,84,Clear,"7 mph, L To R"
778278,Citi Field,59,Partly Cloudy,"8 mph, L To R"
778281,Globe Life Field,74,Roof Closed,"0 mph, None"
778268,Wrigley Field,74,Cloudy,"11 mph, Out To CF"
778277,Comerica Park,79,Partly Cloudy,"3 mph, In From RF"
778271,PNC Park,84,Partly Cloudy,"14 mph, R To L"
778274,Citizens Bank Park,67,Partly Cloudy,"13 mph, Out To CF"
778276,Oriole Park at Camden Yards,72,Partly Cloudy,"14 mph, Out To LF"
778272,George M. Steinbrenner Field,87,Clear,"10 mph, R To L"
778273,Rogers Centre,68,Roof Closed,"0 mph, None"
778270,Citi Field,57,Partly Cloudy,"14 mph, Out To LF"
778275,Fenway Park,61,Overcast,"15 mph, Out To CF"
778284,Truist Park,83,Clear,"9 mph, Out To RF"
778263,Globe Life Field,74,Roof Closed,"0 mph, None"
778269,Daikin Park,73,Clear,"0 mph, None"
778261,American Family Field,66,Roof Closed,"0 mph, None"
778260,Angel Stadium,60,Cloudy,"6 mph, R To L"
778266,Coors Field,61,Partly Cloudy,"10 mph, In From LF"
778252,Citizens Bank Park,75,Partly Cloudy,"14 mph, Out To RF"
778265,Comerica Park,62,Cloudy,"13 mph, Out To LF"
778257,Wrigley Field,49,Cloudy,"4 mph, Out To CF"
778258,Rogers Centre,68,Roof Closed,"0 mph, None"
778262,Oriole Park at Camden Yards,80,Overcast,"9 mph, Out To CF"
778254,PNC Park,83,Partly Cloudy,"15 mph, Out To LF"
778256,Citi Field,83,Partly Cloudy,"15 mph, Out To CF"
778251,Globe Life Field,74,Roof Closed,"0 mph, None"
778247,Coors Field,45,Partly Cloudy,"3 mph, In From LF"
778264,Fenway Park,83,Sunny,"11 mph, In From RF"
778255,George M. Steinbrenner Field,89,Sunny,"15 mph, R To L"
778259,Daikin Park,73,Roof Closed,"0 mph, None"
778253,American Family Field,64,Roof Closed,"0 mph, None"
778267,Truist Park,83,Partly Cloudy,"6 mph, In From RF"
778243,Angel Stadium,69,Clear,"9 mph, Out To RF"
778250,Oriole Park at Camden Yards,72,Partly Cloudy,"8 mph, In From LF"
778242,PNC Park,58,Partly Cloudy,"6 mph, In From LF"
778249,Truist Park,80,Partly Cloudy,"6 mph, L To R"
778245,Fenway Park,59,Sunny,"13 mph, L To R"
778248,Citizens Bank Park,68,Partly Cloudy,"13 mph, In From LF"
778241,Rogers Centre,68,Roof Closed,"0 mph, None"
778246,Comerica Park,53,Sunny,"7 mph, In From LF"
778244,Citi Field,64,Sunny,"14 mph, In From LF"
778240,George M. Steinbrenner Field,84,Partly Cloudy,"10 mph, R To L"
778239,American Family Field,63,Roof Closed,"0 mph, None"
778236,Wrigley Field,50,Overcast,"6 mph, In From RF"
778234,Globe Life Field,74,Roof Closed,"0 mph, None"
778235,Coors Field,58,Cloudy,"12 mph, In From LF"
778266,Coors Field,61,Partly Cloudy,"10 mph, In From LF"
778232,Angel Stadium,75,Sunny,"6 mph, Out To CF"
778237,Daikin Park,73,Roof Closed,"0 mph, None"
778238,Fenway Park,53,Partly Cloudy,"2 mph, R To L"
778227,Progressive Field,68,Partly Cloudy,"17 mph, Out To RF"
778228,Comerica Park,63,Clear,"16 mph, Out To LF"
778230,loanDepot park,79,Partly Cloudy,"10 mph, L To R"
778225,Citi Field,54,Cloudy,"9 mph, R To L"
778233,Truist Park,79,Partly Cloudy,"9 mph, L To R"
778231,Daikin Park,73,Roof Closed,"0 mph, None"
778226,Oracle Park,62,Clear,"7 mph, Out To CF"
778218,Progressive Field,56,Clear,"7 mph, In From CF"
778221,Comerica Park,65,Clear,"2 mph, R To L"
778219,loanDepot park,79,Partly Cloudy,"8 mph, L To R"
778222,Nationals Park,77,Partly Cloudy,"8 mph, L To R"
778224,Fenway Park,56,Clear,"3 mph, In From RF"
778223,Citi Field,73,Cloudy,"8 mph, Out To RF"
778229,Truist Park,70,Partly Cloudy,"5 mph, Out To RF"
778215,Kauffman Stadium,81,Clear,"15 mph, R To L"
778220,Wrigley Field,71,Partly Cloudy,"9 mph, Out To CF"
778216,Target Field,69,Clear,"11 mph, Out To LF"
778217,Daikin Park,73,Roof Closed,"0 mph, None"
778211,Angel Stadium,64,Clear,"9 mph, Out To CF"
778212,Chase Field,88,Clear,"3 mph, L To R"
778210,Oracle Park,56,Partly Cloudy,"10 mph, Varies"
778213,Sutter Health Park,71,Clear,"12 mph, Out To RF"
778214,Truist Park,76,Partly Cloudy,"6 mph, L To R"
778209,Comerica Park,73,Sunny,"7 mph, In From RF"
778203,Citi Field,70,Sunny,"8 mph, L To R"
778208,loanDepot park,78,Partly Cloudy,"9 mph, Out To RF"
778206,Progressive Field,71,Sunny,"4 mph, Out To RF"
778204,Nationals Park,75,Clear,"6 mph, R To L"
778207,Fenway Park,70,Clear,"10 mph, In From LF"
778205,Wrigley Field,66,Clear,"4 mph, Out To LF"
778200,Daikin Park,73,Roof Closed,"0 mph, None"
778201,Target Field,66,Partly Cloudy,"14 mph, Out To CF"
778202,Angel Stadium,61,Cloudy,"7 mph, Varies"
778199,Chase Field,87,Clear,"4 mph, L To R"
778198,Oracle Park,54,Cloudy,"16 mph, Out To CF"
778197,Sutter Health Park,65,Clear,"7 mph, Varies"
778195,Kauffman Stadium,76,Cloudy,"5 mph, R To L"
778189,Target Field,52,Overcast,"7 mph, In From LF"
778196,Fenway Park,68,Sunny,"8 mph, R To L"
778190,Kauffman Stadium,71,Partly Cloudy,"2 mph, R To L"
778195,Kauffman Stadium,76,Cloudy,"5 mph, R To L"
778194,Oracle Park,54,Overcast,"11 mph, Out To CF"
778193,Nationals Park,75,Clear,"8 mph, Out To LF"
778191,Angel Stadium,63,Clear,"8 mph, Out To CF"
778188,Chase Field,85,Clear,"3 mph, Varies"
778192,Sutter Health Park,57,Cloudy,"14 mph, Out To CF"
778182,Wrigley Field,45,Overcast,"16 mph, In From LF"
778183,Nationals Park,73,Partly Cloudy,"13 mph, Out To LF"
778185,Yankee Stadium,68,Partly Cloudy,"12 mph, Varies"
778187,Kauffman Stadium,63,Partly Cloudy,"10 mph, L To R"
778186,Target Field,57,Partly Cloudy,"10 mph, In From LF"
778184,Busch Stadium,72,Partly Cloudy,"13 mph, L To R"
778181,Coors Field,43,Overcast,"10 mph, In From LF"
778172,Petco Park,62,Partly Cloudy,"11 mph, L To R"
778177,Chase Field,88,Clear,"2 mph, L To R"
778175,T-Mobile Park,67,Partly Cloudy,"12 mph, In From LF"
778178,Sutter Health Park,60,Partly Cloudy,"8 mph, Out To CF"
778176,Dodger Stadium,58,Partly Cloudy,"9 mph, Out To CF"
778171,Oracle Park,55,Partly Cloudy,"9 mph, Out To CF"
778180,Comerica Park,54,Cloudy,"15 mph, Out To CF"
778179,Progressive Field,47,Cloudy,"13 mph, In From LF"
778179,Progressive Field,47,Cloudy,"13 mph, In From LF"
778169,Progressive Field,48,Overcast,"13 mph, In From CF"
778168,Comerica Park,49,Cloudy,"15 mph, Out To CF"
778180,Comerica Park,54,Cloudy,"15 mph, Out To CF"
778166,Target Field,58,Sunny,"10 mph, In From CF"
778164,Busch Stadium,63,Cloudy,"9 mph, In From LF"
778161,Coors Field,62,Sunny,"9 mph, In From CF"
778173,Nationals Park,73,Partly Cloudy,"9 mph, Out To LF"
778159,Oracle Park,58,Partly Cloudy,"8 mph, Varies"
778174,Wrigley Field,49,Sunny,"14 mph, In From CF"
778165,Sutter Health Park,60,Cloudy,"2 mph, Out To CF"
778167,Kauffman Stadium,61,Overcast,"10 mph, In From RF"
778162,Chase Field,83,Clear,"2 mph, L To R"
778160,Petco Park,62,Partly Cloudy,"11 mph, Out To RF"
778163,Dodger Stadium,58,Cloudy,"1 mph, L To R"
778154,T-Mobile Park,63,Clear,"3 mph, Calm"
778170,Yankee Stadium,58,Partly Cloudy,"23 mph, Out To RF"
778153,Nationals Park,64,Sunny,"19 mph, In From LF"
778156,Yankee Stadium,59,Partly Cloudy,"22 mph, Out To RF"
778170,Yankee Stadium,58,Partly Cloudy,"23 mph, Out To RF"
778157,Progressive Field,54,Sunny,"8 mph, In From LF"
778155,Comerica Park,55,Sunny,"5 mph, Out To RF"
778144,Target Field,60,Partly Cloudy,"8 mph, R To L"
778152,Kauffman Stadium,62,Cloudy,"11 mph, R To L"
778150,Busch Stadium,61,Cloudy,"9 mph, R To L"
778148,Coors Field,76,Sunny,"7 mph, Out To LF"
778151,Oracle Park,57,Partly Cloudy,"8 mph, Out To CF"
778149,Sutter Health Park,58,Cloudy,"6 mph, Out To LF"
778145,Dodger Stadium,62,Partly Cloudy,"6 mph, Out To CF"
778146,Petco Park,64,Partly Cloudy,"9 mph, L To R"
778147,Chase Field,76,Roof Closed,"0 mph, None"
778136,T-Mobile Park,56,Overcast,"0 mph, Calm"
778158,Wrigley Field,59,Clear,"11 mph, In From RF"
778138,Nationals Park,75,Sunny,"7 mph, Out To CF"
778139,Progressive Field,71,Clear,"8 mph, Out To CF"
778140,Oriole Park at Camden Yards,73,Clear,"8 mph, Out To LF"
778141,Great American Ball Park,81,Clear,"6 mph, R To L"
778143,Globe Life Field,74,Roof Closed,"0 mph, None"
778142,Daikin Park,73,Roof Closed,"0 mph, None"
778137,Coors Field,55,Partly Cloudy,"5 mph, R To L"
778132,Dodger Stadium,62,Clear,"9 mph, Out To RF"
778129,Progressive Field,65,Overcast,"19 mph, Out To RF"
778133,Oriole Park at Camden Yards,83,Partly Cloudy,"13 mph, Out To LF"
778135,PNC Park,64,Overcast,"15 mph, Out To LF"
778131,Citizens Bank Park,80,Partly Cloudy,"15 mph, Out To CF"
778128,George M. Steinbrenner Field,85,Partly Cloudy,"10 mph, R To L"
778127,Rogers Centre,68,Roof Closed,"0 mph, None"
778130,Citi Field,71,Clear,"12 mph, Out To LF"
778125,Rate Field,63,Partly Cloudy,"8 mph, Out To RF"
778122,Globe Life Field,74,Roof Closed,"0 mph, None"
778124,Daikin Park,73,Roof Closed,"0 mph, None"
778120,Coors Field,59,Cloudy,"7 mph, Out To CF"
778121,T-Mobile Park,54,Roof Closed,"9 mph, In From CF"
778126,Petco Park,64,Clear,"8 mph, L To R"
778123,Dodger Stadium,62,Clear,"2 mph, L To R"
778134,Great American Ball Park,69,Partly Cloudy,"4 mph, In From RF"
778134,Great American Ball Park,69,Partly Cloudy,"4 mph, In From RF"
778119,Great American Ball Park,77,Partly Cloudy,"3 mph, In From CF"
778110,Daikin Park,73,Roof Closed,"0 mph, None"
778102,Coors Field,67,Partly Cloudy,"7 mph, In From LF"
778109,Dodger Stadium,67,Cloudy,"4 mph, Out To RF"
778104,T-Mobile Park,56,Partly Cloudy,"6 mph, L To R"
778105,Petco Park,65,Partly Cloudy,"10 mph, L To R"
778116,Progressive Field,49,Partly Cloudy,"9 mph, In From CF"
778115,Oriole Park at Camden Yards,84,Clear,"4 mph, In From LF"
778112,PNC Park,72,Partly Cloudy,"4 mph, Out To LF"
778118,Citizens Bank Park,78,Clear,"10 mph, In From LF"
778113,George M. Steinbrenner Field,87,Clear,"5 mph, R To L"
778114,Rogers Centre,68,Roof Closed,"0 mph, None"
778117,Citi Field,71,Partly Cloudy,"9 mph, L To R"
778111,Rate Field,54,Cloudy,"3 mph, L To R"
778106,Globe Life Field,74,Roof Closed,"0 mph, None"
778100,PNC Park,81,Cloudy,"12 mph, Out To CF"
778107,Great American Ball Park,76,Cloudy,"15 mph, R To L"
778103,Citi Field,66,Partly Cloudy,"8 mph, R To L"
778097,George M. Steinbrenner Field,82,Partly Cloudy,"3 mph, R To L"
778108,Progressive Field,78,Partly Cloudy,"15 mph, Out To LF"
778094,Rate Field,67,Overcast,"18 mph, Out To LF"
778096,Globe Life Field,74,Roof Closed,"0 mph, None"
778099,Citizens Bank Park,75,Cloudy,"14 mph, Out To CF"
778095,Rogers Centre,68,Roof Closed,"0 mph, None"
778101,Angel Stadium,67,Partly Cloudy,"9 mph, Out To CF"
778098,Oracle Park,54,Partly Cloudy,"14 mph, Out To CF"
778087,Great American Ball Park,67,Overcast,"5 mph, Out To LF"
778090,PNC Park,61,Overcast,"5 mph, Out To LF"
778086,Citizens Bank Park,84,Partly Cloudy,"12 mph, Out To RF"
778093,Oriole Park at Camden Yards,82,Clear,"3 mph, Out To CF"
778088,Yankee Stadium,78,Partly Cloudy,"9 mph, R To L"
778081,Rogers Centre,68,Roof Closed,"0 mph, None"
778089,Fenway Park,64,Partly Cloudy,"3 mph, Out To LF"
778091,loanDepot park,80,Clear,"10 mph, L To R"
778092,Truist Park,79,Partly Cloudy,"10 mph, Out To RF"
778079,Rate Field,49,Cloudy,"10 mph, In From LF"
778083,Globe Life Field,74,Roof Closed,"0 mph, None"
778080,American Family Field,63,Roof Closed,"0 mph, None"
778084,Busch Stadium,62,Partly Cloudy,"5 mph, Out To RF"
778085,Angel Stadium,68,Clear,"8 mph, Out To CF"
778082,Oracle Park,56,Partly Cloudy,"18 mph, Out To CF"
778074,Yankee Stadium,79,Sunny,"11 mph, R To L"
778066,Rate Field,50,Partly Cloudy,"18 mph, Out To RF"
778064,Rogers Centre,68,Roof Closed,"0 mph, None"
778065,PNC Park,62,Overcast,"8 mph, Calm"
778069,Oracle Park,59,Partly Cloudy,"10 mph, Out To CF"
778073,Fenway Park,82,Sunny,"18 mph, Out To LF"
778075,loanDepot park,72,Roof Closed,"0 mph, None"
778078,Citizens Bank Park,82,Partly Cloudy,"13 mph, Out To CF"
778077,Great American Ball Park,53,Overcast,"9 mph, Out To RF"
778070,Globe Life Field,73,Clear,"9 mph, In From LF"
778071,American Family Field,68,Roof Closed,"0 mph, None"
778072,Oriole Park at Camden Yards,78,Cloudy,"5 mph, Out To LF"
778076,Truist Park,59,Overcast,"10 mph, L To R"
778067,Angel Stadium,61,Overcast,"7 mph, R To L"
778068,Busch Stadium,63,Cloudy,"8 mph, Out To RF"
778053,Busch Stadium,58,Cloudy,"11 mph, Out To RF"
778068,Busch Stadium,63,Cloudy,"8 mph, Out To RF"
778062,Oriole Park at Camden Yards,72,Cloudy,"6 mph, R To L"
778051,PNC Park,63,Cloudy,"6 mph, R To L"
778063,Fenway Park,72,Partly Cloudy,"3 mph, Out To CF"
778057,Yankee Stadium,67,Cloudy,"10 mph, R To L"
778056,Rogers Centre,68,Roof Closed,"0 mph, None"
778061,loanDepot park,72,Roof Closed,"0 mph, None"
778059,Citizens Bank Park,68,Overcast,"9 mph, Out To LF"
778055,Rate Field,52,Partly Cloudy,"8 mph, Out To RF"
778054,American Family Field,64,Roof Closed,"0 mph, None"
778052,Globe Life Field,74,Sunny,"9 mph, Varies"
778048,Oracle Park,64,Sunny,"15 mph, Varies"
778050,Angel Stadium,65,Overcast,"8 mph, Out To RF"
778058,Great American Ball Park,59,Overcast,"6 mph, Out To LF"
778060,Truist Park,66,Partly Cloudy,"14 mph, R To L"
778047,loanDepot park,72,Roof Closed,"0 mph, None"
778045,Yankee Stadium,59,Rain,"9 mph, In From LF"
778049,Truist Park,68,Partly Cloudy,"7 mph, R To L"
778044,Wrigley Field,54,Partly Cloudy,"8 mph, In From LF"
778043,Kauffman Stadium,73,Clear,"6 mph, R To L"
778042,American Family Field,66,Roof Closed,"0 mph, None"
778036,Busch Stadium,60,Partly Cloudy,"4 mph, Out To LF"
778039,Chase Field,76,Roof Closed,"0 mph, None"
778038,Sutter Health Park,83,Clear,"17 mph, L To R"
778046,Nationals Park,70,Partly Cloudy,"2 mph, L To R"
778026,Nationals Park,70,Cloudy,"12 mph, Out To RF"
778046,Nationals Park,70,Partly Cloudy,"2 mph, L To R"
778035,loanDepot park,72,Roof Closed,"0 mph, None"
778037,Fenway Park,60,Rain,"3 mph, Out To LF"
778040,George M. Steinbrenner Field,85,Partly Cloudy,"6 mph, In From CF"
778041,Yankee Stadium,60,Overcast,"12 mph, R To L"
778034,Truist Park,77,Partly Cloudy,"6 mph, R To L"
778027,Wrigley Field,68,Clear,"5 mph, In From CF"
778028,Target Field,83,Clear,"6 mph, In From LF"
778033,Kauffman Stadium,74,Partly Cloudy,"8 mph, R To L"
778031,American Family Field,65,Clear,"2 mph, L To R"
778030,Busch Stadium,72,Partly Cloudy,"5 mph, Out To LF"
778025,Angel Stadium,61,Overcast,"7 mph, Out To CF"
778032,Chase Field,74,Clear,"2 mph, Out To RF"
778024,Sutter Health Park,83,Clear,"7 mph, Out To RF"
778029,Coors Field,70,Clear,"8 mph, In From LF"
778022,Nationals Park,72,Partly Cloudy,"7 mph, In From LF"
778015,American Family Field,63,Roof Closed,"0 mph, None"
778016,Busch Stadium,69,Partly Cloudy,"8 mph, In From LF"
778020,Wrigley Field,55,Partly Cloudy,"16 mph, In From LF"
778010,Sutter Health Park,73,Sunny,"10 mph, R To L"
778014,Chase Field,78,Roof Closed,"0 mph, None"
778017,loanDepot park,85,Sunny,"9 mph, In From LF"
778018,Fenway Park,71,Partly Cloudy,"4 mph, Out To CF"
778021,George M. Steinbrenner Field,84,Partly Cloudy,"5 mph, Out To CF"
778019,Yankee Stadium,70,Overcast,"7 mph, R To L"
778023,Truist Park,68,Partly Cloudy,"6 mph, L To R"
778011,Target Field,69,Partly Cloudy,"12 mph, In From LF"
778012,Kauffman Stadium,62,Overcast,"3 mph, R To L"
778013,Coors Field,54,Partly Cloudy,"4 mph, R To L"
778009,Angel Stadium,72,Clear,"9 mph, Out To CF"
778007,Target Field,62,Sunny,"7 mph, R To L"
778006,Fenway Park,73,Partly Cloudy,"8 mph, Out To CF"
778008,Kauffman Stadium,69,Partly Cloudy,"12 mph, In From RF"
778004,Coors Field,64,Sunny,"10 mph, Out To LF"
778029,Coors Field,70,Clear,"8 mph, In From LF"
778005,George M. Steinbrenner Field,87,Partly Cloudy,"7 mph, L To R"
778003,Truist Park,83,Clear,"7 mph, R To L"
778000,Angel Stadium,76,Clear,"5 mph, Out To CF"
777999,Chase Field,92,Clear,"5 mph, Out To RF"
777996,Comerica Park,63,Clear,"3 mph, Out To RF"
777998,PNC Park,61,Partly Cloudy,"10 mph, Out To RF"
777995,Nationals Park,59,Clear,"14 mph, In From LF"
778002,George M. Steinbrenner Field,82,Partly Cloudy,"12 mph, Out To CF"
778001,Citi Field,57,Cloudy,"7 mph, L To R"
777997,Progressive Field,56,Clear,"6 mph, L To R"
777990,Kauffman Stadium,73,Partly Cloudy,"9 mph, L To R"
777991,Rate Field,58,Clear,"6 mph, L To R"
777989,Daikin Park,73,Roof Closed,"0 mph, None"
777992,Target Field,84,Partly Cloudy,"8 mph, Out To LF"
777993,Coors Field,71,Partly Cloudy,"5 mph, In From CF"
777986,Angel Stadium,85,Clear,"8 mph, Out To CF"
777988,Chase Field,94,Clear,"4 mph, Varies"
777984,T-Mobile Park,64,Cloudy,"9 mph, In From LF"
777994,Sutter Health Park,91,Clear,"6 mph, Varies"
777980,Nationals Park,73,Sunny,"8 mph, In From LF"
777985,PNC Park,72,Sunny,"9 mph, Out To CF"
777972,Sutter Health Park,88,Sunny,"4 mph, R To L"
777981,George M. Steinbrenner Field,84,Cloudy,"8 mph, R To L"
777987,Comerica Park,70,Clear,"8 mph, Out To RF"
777983,Progressive Field,72,Clear,"3 mph, In From LF"
777979,Daikin Park,73,Roof Closed,"0 mph, None"
777977,Kauffman Stadium,80,Clear,"6 mph, In From RF"
777978,Rate Field,55,Clear,"16 mph, Out To RF"
777982,Citi Field,68,Clear,"8 mph, L To R"
777974,Target Field,75,Partly Cloudy,"6 mph, In From RF"
777975,Chase Field,76,Roof Closed,"0 mph, None"
777976,Coors Field,78,Clear,"6 mph, R To L"
777973,Angel Stadium,89,Clear,"7 mph, R To L"
777970,T-Mobile Park,64,Partly Cloudy,"6 mph, Out To LF"
777968,Citi Field,73,Sunny,"9 mph, In From LF"
777962,Nationals Park,81,Partly Cloudy,"3 mph, In From LF"
777967,PNC Park,72,Sunny,"5 mph, In From CF"
777969,Comerica Park,63,Sunny,"10 mph, In From LF"
777964,George M. Steinbrenner Field,78,Overcast,"9 mph, R To L"
777963,Daikin Park,73,Roof Closed,"0 mph, None"
777965,Kauffman Stadium,79,Sunny,"8 mph, In From RF"
777956,Target Field,85,Sunny,"15 mph, R To L"
777966,Rate Field,64,Sunny,"5 mph, L To R"
777955,Coors Field,82,Sunny,"7 mph, R To L"
777957,Sutter Health Park,75,Sunny,"18 mph, Out To CF"
777961,Angel Stadium,89,Partly Cloudy,"8 mph, Out To CF"
777954,Chase Field,76,Roof Closed,"0 mph, None"
777958,T-Mobile Park,58,Cloudy,"0 mph, Calm"
777971,Progressive Field,61,Clear,"8 mph, In From CF"
777960,Progressive Field,71,Partly Cloudy,"13 mph, In From CF"
777951,Comerica Park,78,Cloudy,"8 mph, Calm"
777953,Citizens Bank Park,79,Cloudy,"7 mph, Out To CF"
777950,Citi Field,67,Cloudy,"8 mph, Out To LF"
777959,Truist Park,76,Cloudy,"7 mph, L To R"
777952,Wrigley Field,63,Partly Cloudy,"8 mph, In From CF"
777949,Globe Life Field,82,Clear,"4 mph, Out To LF"
777948,Daikin Park,73,Roof Closed,"0 mph, None"
777947,Petco Park,64,Partly Cloudy,"11 mph, L To R"
777941,T-Mobile Park,62,Partly Cloudy,"8 mph, Out To CF"
777939,Oracle Park,58,Partly Cloudy,"13 mph, Out To CF"
777944,Progressive Field,71,Overcast,"10 mph, Out To LF"
777940,Comerica Park,67,Cloudy,"6 mph, In From LF"
777945,Great American Ball Park,67,Overcast,"3 mph, In From RF"
777935,Rogers Centre,68,Roof Closed,"0 mph, None"
777943,Citi Field,65,Cloudy,"8 mph, R To L"
777942,Truist Park,72,Partly Cloudy,"8 mph, R To L"
777936,Wrigley Field,64,Partly Cloudy,"10 mph, In From RF"
777934,Globe Life Field,74,Roof Closed,"0 mph, None"
777931,Daikin Park,73,Roof Closed,"0 mph, None"
777932,Petco Park,64,Partly Cloudy,"9 mph, L To R"
777926,T-Mobile Park,62,Cloudy,"6 mph, Out To LF"
777930,Oracle Park,60,Clear,"20 mph, Varies"
777937,Dodger Stadium,65,Clear,"3 mph, L To R"
777938,Oriole Park at Camden Yards,70,Partly Cloudy,"7 mph, In From RF"
777933,Citizens Bank Park,64,Overcast,"6 mph, In From RF"
777924,Oriole Park at Camden Yards,66,Cloudy,"7 mph, In From RF"
777938,Oriole Park at Camden Yards,70,Partly Cloudy,"7 mph, In From RF"
777922,Citizens Bank Park,61,Drizzle,"10 mph, In From RF"
777933,Citizens Bank Park,64,Overcast,"6 mph, In From RF"
777925,Progressive Field,75,Partly Cloudy,"8 mph, L To R"
777916,Oracle Park,64,Partly Cloudy,"6 mph, Out To CF"
777915,T-Mobile Park,54,Roof Closed,"0 mph, None"
777927,Comerica Park,75,Partly Cloudy,"6 mph, In From LF"
777923,Rogers Centre,68,Roof Closed,"0 mph, None"
777919,Citi Field,62,Cloudy,"11 mph, In From RF"
777928,Great American Ball Park,71,Partly Cloudy,"3 mph, In From RF"
777929,Truist Park,81,Partly Cloudy,"4 mph, Out To LF"
777921,Wrigley Field,60,Partly Cloudy,"9 mph, In From CF"
777918,Globe Life Field,74,Roof Closed,"0 mph, None"
777920,Daikin Park,73,Roof Closed,"0 mph, None"
777914,Petco Park,66,Partly Cloudy,"8 mph, L To R"
777917,Dodger Stadium,65,Clear,"4 mph, Varies"
777909,Truist Park,75,Partly Cloudy,"7 mph, In From RF"
777911,Oriole Park at Camden Yards,73,Partly Cloudy,"1 mph, Out To LF"
777912,Great American Ball Park,82,Partly Cloudy,"8 mph, R To L"
777913,Rogers Centre,60,Sunny,"9 mph, R To L"
777910,Globe Life Field,74,Roof Closed,"0 mph, None"
777946,Dodger Stadium,67,Clear,"4 mph, R To L"
777900,Wrigley Field,82,Sunny,"21 mph, Out To CF"
777902,Great American Ball Park,80,Partly Cloudy,"11 mph, R To L"
777905,Citizens Bank Park,73,Partly Cloudy,"5 mph, Out To CF"
777907,Oriole Park at Camden Yards,74,Partly Cloudy,"5 mph, R To L"
777904,Yankee Stadium,68,Overcast,"7 mph, R To L"
777906,Rogers Centre,65,Clear,"3 mph, In From LF"
777908,Fenway Park,76,Clear,"4 mph, Out To LF"
777903,loanDepot park,85,Clear,"14 mph, In From CF"
777901,Kauffman Stadium,77,Clear,"12 mph, Out To RF"
777895,Globe Life Field,74,Roof Closed,"0 mph, None"
777898,American Family Field,77,Roof Closed,"0 mph, None"
777897,Chase Field,87,Clear,"6 mph, Varies"
777896,Petco Park,62,Partly Cloudy,"6 mph, Out To RF"
777899,Dodger Stadium,63,Partly Cloudy,"8 mph, Out To CF"
777891,Oracle Park,60,Clear,"15 mph, Varies"
777888,Yankee Stadium,74,Sunny,"8 mph, Calm"
777881,Wrigley Field,64,Cloudy,"17 mph, Out To RF"
777886,Rogers Centre,68,Roof Closed,"0 mph, None"
777890,Oriole Park at Camden Yards,84,Partly Cloudy,"9 mph, Out To RF"
777889,loanDepot park,72,Roof Closed,"0 mph, None"
777894,Citizens Bank Park,84,Clear,"14 mph, Out To RF"
777892,Great American Ball Park,70,Partly Cloudy,"14 mph, Out To LF"
777882,Globe Life Field,74,Roof Closed,"0 mph, None"
777885,Kauffman Stadium,79,Clear,"6 mph, In From RF"
777893,Fenway Park,74,Partly Cloudy,"5 mph, Out To LF"
777883,American Family Field,70,Roof Closed,"0 mph, None"
777887,Chase Field,89,Cloudy,"13 mph, Varies"
777875,Petco Park,62,Partly Cloudy,"10 mph, L To R"
777879,Oracle Park,62,Clear,"19 mph, Varies"
777884,Dodger Stadium,63,Overcast,"2 mph, L To R"
777869,Globe Life Field,74,Roof Closed,"0 mph, None"
777873,Oriole Park at Camden Yards,77,Partly Cloudy,"12 mph, Out To RF"
777880,Citizens Bank Park,74,Partly Cloudy,"17 mph, Out To RF"
777876,Fenway Park,68,Cloudy,"9 mph, In From RF"
777871,Rogers Centre,68,Roof Closed,"0 mph, None"
777874,Great American Ball Park,73,Partly Cloudy,"4 mph, In From RF"
777877,loanDepot park,72,Dome,"0 mph, None"
777864,Kauffman Stadium,77,Partly Cloudy,"14 mph, In From LF"
777865,American Family Field,63,Roof Closed,"0 mph, None"
777872,Wrigley Field,54,Cloudy,"3 mph, In From CF"
777867,Oracle Park,69,Sunny,"13 mph, Varies"
777870,Chase Field,78,Roof Closed,"0 mph, None"
777866,Dodger Stadium,73,Partly Cloudy,"2 mph, Out To CF"
777868,Petco Park,64,Partly Cloudy,"8 mph, L To R"
777878,Yankee Stadium,70,Cloudy,"16 mph, Out To CF"
777859,PNC Park,65,Partly Cloudy,"10 mph, Out To RF"
777863,loanDepot park,72,Roof Closed,"0 mph, None"
777856,Fenway Park,55,Partly Cloudy,"15 mph, L To R"
777858,George M. Steinbrenner Field,87,Partly Cloudy,"13 mph, L To R"
777861,Target Field,57,Overcast,"18 mph, In From LF"
777857,Rate Field,49,Partly Cloudy,"14 mph, L To R"
777860,American Family Field,65,Roof Closed,"0 mph, None"
777862,Busch Stadium,83,Partly Cloudy,"12 mph, R To L"
777852,Coors Field,61,Cloudy,"5 mph, Out To CF"
777855,Oracle Park,65,Clear,"16 mph, Out To CF"
777853,Sutter Health Park,81,Clear,"11 mph, Out To CF"
777854,Dodger Stadium,71,Clear,"6 mph, Out To RF"
777847,PNC Park,66,Cloudy,"6 mph, In From LF"
777850,loanDepot park,72,Roof Closed,"0 mph, None"
777851,Fenway Park,52,Cloudy,"3 mph, In From CF"
777841,Nationals Park,68,Cloudy,"2 mph, In From CF"
777848,George M. Steinbrenner Field,87,Clear,"7 mph, Varies"
777849,Yankee Stadium,65,Clear,"8 mph, In From LF"
777845,Rogers Centre,68,Roof Closed,"0 mph, None"
777846,Rate Field,54,Drizzle,"16 mph, L To R"
777844,American Family Field,62,Roof Closed,"0 mph, None"
777840,Busch Stadium,81,Partly Cloudy,"15 mph, Out To RF"
777842,Coors Field,70,Clear,"14 mph, In From LF"
777836,Oracle Park,63,Clear,"11 mph, Out To CF"
777843,Sutter Health Park,84,Clear,"7 mph, Out To RF"
777838,Dodger Stadium,77,Clear,"2 mph, Varies"
777834,PNC Park,65,Partly Cloudy,"6 mph, In From RF"
777832,George M. Steinbrenner Field,91,Partly Cloudy,"11 mph, R To L"
777861,Target Field,57,Overcast,"18 mph, In From LF"
777833,loanDepot park,72,Roof Closed,"0 mph, None"
777826,American Family Field,64,Roof Closed,"0 mph, None"
777827,Busch Stadium,66,Sunny,"18 mph, Out To CF"
777830,Rate Field,51,Overcast,"11 mph, Out To RF"
777819,Oracle Park,65,Sunny,"8 mph, Out To CF"
777829,Target Field,46,Overcast,"5 mph, In From LF"
777831,Fenway Park,52,Overcast,"3 mph, In From RF"
777835,Yankee Stadium,53,Drizzle,"10 mph, In From RF"
777837,Rogers Centre,68,Roof Closed,"0 mph, None"
777823,Coors Field,75,Partly Cloudy,"9 mph, R To L"
777828,Sutter Health Park,85,Clear,"8 mph, Out To CF"
777824,Dodger Stadium,75,Clear,"2 mph, Out To RF"
777818,Yankee Stadium,50,Overcast,"16 mph, In From LF"
777816,Rogers Centre,68,Roof Closed,"0 mph, None"
777817,Coors Field,67,Sunny,"7 mph, In From LF"
777812,Sutter Health Park,81,Sunny,"7 mph, Out To CF"
777821,Comerica Park,54,Partly Cloudy,"6 mph, Out To CF"
777814,PNC Park,53,Overcast,"10 mph, Out To CF"
777820,Nationals Park,62,Cloudy,"9 mph, In From LF"
777822,Daikin Park,73,Roof Closed,"0 mph, None"
777815,Fenway Park,55,Cloudy,"9 mph, L To R"
777815,Fenway Park,55,Cloudy,"9 mph, L To R"
777811,Great American Ball Park,65,Partly Cloudy,"8 mph, Out To LF"
777806,PNC Park,58,Partly Cloudy,"11 mph, Out To CF"
777801,Nationals Park,66,Cloudy,"13 mph, L To R"
777810,George M. Steinbrenner Field,87,Partly Cloudy,"13 mph, L To R"
777807,Comerica Park,56,Partly Cloudy,"14 mph, Out To LF"
777808,Citi Field,59,Rain,"3 mph, Out To RF"
777813,Truist Park,75,Clear,"11 mph, Out To LF"
777805,Rate Field,55,Partly Cloudy,"9 mph, In From LF"
777800,Daikin Park,73,Roof Closed,"0 mph, None"
777799,Target Field,62,Partly Cloudy,"6 mph, In From LF"
777797,Busch Stadium,71,Partly Cloudy,"4 mph, Out To LF"
777802,Coors Field,81,Partly Cloudy,"12 mph, In From CF"
777798,Angel Stadium,70,Clear,"4 mph, Varies"
777804,Sutter Health Park,77,Clear,"7 mph, Out To CF"
777809,Fenway Park,59,Cloudy,"4 mph, In From LF"
777809,Fenway Park,59,Cloudy,"4 mph, In From LF"
777790,Fenway Park,60,Partly Cloudy,"10 mph, Varies"
777788,Target Field,63,Cloudy,"4 mph, In From CF"
777786,Busch Stadium,70,Cloudy,"8 mph, Out To LF"
777793,Nationals Park,70,Partly Cloudy,"5 mph, In From LF"
777794,PNC Park,61,Partly Cloudy,"11 mph, Out To RF"
777791,Great American Ball Park,70,Partly Cloudy,"3 mph, Out To RF"
777787,Daikin Park,73,Roof Closed,"0 mph, None"
777803,Truist Park,74,Partly Cloudy,"7 mph, Out To CF"
777792,Rate Field,60,Sunny,"5 mph, In From LF"
777782,Coors Field,66,Cloudy,"8 mph, In From CF"
777795,George M. Steinbrenner Field,89,Partly Cloudy,"5 mph, L To R"
777796,Comerica Park,63,Partly Cloudy,"7 mph, Out To CF"
777789,Citi Field,61,Partly Cloudy,"11 mph, Out To RF"
777784,Sutter Health Park,73,Clear,"14 mph, Varies"
777781,Angel Stadium,68,Clear,"7 mph, R To L"
777780,Comerica Park,59,Sunny,"5 mph, Out To CF"
777785,Fenway Park,59,Cloudy,"6 mph, L To R"
777778,Nationals Park,70,Partly Cloudy,"11 mph, L To R"
777776,PNC Park,63,Partly Cloudy,"10 mph, Out To CF"
777779,Great American Ball Park,68,Cloudy,"4 mph, L To R"
777775,George M. Steinbrenner Field,89,Sunny,"5 mph, L To R"
777774,Daikin Park,73,Roof Closed,"0 mph, None"
777772,Target Field,67,Partly Cloudy,"4 mph, In From LF"
777777,Rate Field,58,Cloudy,"7 mph, In From LF"
777766,Busch Stadium,62,Overcast,"9 mph, In From LF"
777768,Coors Field,59,Overcast,"7 mph, R To L"
777765,Sutter Health Park,74,Sunny,"9 mph, Out To CF"
777767,Angel Stadium,73,Partly Cloudy,"8 mph, Out To CF"
777783,Truist Park,74,Cloudy,"5 mph, Out To RF"
777773,Citi Field,64,Cloudy,"9 mph, L To R"
777770,Comerica Park,67,Sunny,"7 mph, L To R"
777764,American Family Field,62,Sunny,"12 mph, L To R"
777757,Wrigley Field,56,Partly Cloudy,"6 mph, In From CF"
777771,Oriole Park at Camden Yards,72,Partly Cloudy,"2 mph, In From LF"
777759,Globe Life Field,74,Roof Closed,"0 mph, None"
777760,Kauffman Stadium,64,Drizzle,"13 mph, R To L"
777758,Citi Field,73,Sunny,"6 mph, In From CF"
777769,Progressive Field,63,Partly Cloudy,"6 mph, In From CF"
777762,George M. Steinbrenner Field,89,Clear,"12 mph, Out To CF"
777761,Chase Field,76,Roof Closed,"0 mph, None"
777756,Petco Park,66,Partly Cloudy,"8 mph, L To R"
777763,Angel Stadium,68,Partly Cloudy,"2 mph, Out To CF"
777753,Progressive Field,68,Cloudy,"11 mph, Out To LF"
777754,Oriole Park at Camden Yards,64,Overcast,"6 mph, Out To LF"
777755,Comerica Park,70,Partly Cloudy,"14 mph, In From LF"
777748,Citizens Bank Park,69,Cloudy,"11 mph, Out To RF"
777746,George M. Steinbrenner Field,89,Partly Cloudy,"9 mph, Out To CF"
777749,Citi Field,68,Cloudy,"7 mph, Out To LF"
777750,Kauffman Stadium,63,Partly Cloudy,"6 mph, In From LF"
777747,American Family Field,69,Roof Closed,"0 mph, None"
777751,Wrigley Field,59,Partly Cloudy,"12 mph, In From LF"
777741,Globe Life Field,74,Roof Closed,"0 mph, None"
777752,Daikin Park,73,Roof Closed,"0 mph, None"
777745,Angel Stadium,68,Clear,"10 mph, Out To LF"
777744,Chase Field,76,Roof Closed,"0 mph, None"
777743,T-Mobile Park,69,Clear,"11 mph, L To R"
777742,Petco Park,64,Overcast,"7 mph, Out To RF"
777739,Progressive Field,59,Overcast,"8 mph, L To R"
777738,Comerica Park,58,Cloudy,"7 mph, In From LF"
777732,George M. Steinbrenner Field,89,Partly Cloudy,"8 mph, L To R"
777737,Citi Field,63,Drizzle,"8 mph, Out To LF"
777736,American Family Field,66,Roof Closed,"0 mph, None"
777734,Daikin Park,73,Roof Closed,"0 mph, None"
777729,Chase Field,76,Roof Closed,"0 mph, None"
777726,Petco Park,65,Partly Cloudy,"7 mph, L To R"
777740,Oriole Park at Camden Yards,61,Drizzle,"8 mph, In From RF"
777733,Kauffman Stadium,72,Partly Cloudy,"3 mph, Calm"
777731,Wrigley Field,56,Partly Cloudy,"7 mph, In From LF"
777724,Globe Life Field,74,Roof Closed,"0 mph, None"
777728,Angel Stadium,65,Partly Cloudy,"8 mph, Out To CF"
777730,T-Mobile Park,78,Clear,"9 mph, R To L"
777735,Citizens Bank Park,67,Cloudy,"6 mph, In From CF"
777735,Citizens Bank Park,67,Cloudy,"6 mph, In From CF"
777723,Citizens Bank Park,71,Cloudy,"9 mph, L To R"
777727,Rogers Centre,68,Roof Closed,"0 mph, None"
777725,Daikin Park,73,Roof Closed,"0 mph, None"
777722,T-Mobile Park,63,Clear,"9 mph, R To L"
777712,Wrigley Field,70,Overcast,"8 mph, Out To RF"
777720,Oriole Park at Camden Yards,74,Partly Cloudy,"1 mph, In From LF"
777715,Citizens Bank Park,75,Partly Cloudy,"7 mph, Out To CF"
777716,Rogers Centre,64,Cloudy,"5 mph, Out To RF"
777721,Progressive Field,66,Cloudy,"6 mph, L To R"
777718,Citi Field,66,Cloudy,"9 mph, Out To LF"
777717,loanDepot park,72,Roof Closed,"0 mph, None"
777719,Truist Park,75,Cloudy,"12 mph, Out To LF"
777709,Globe Life Field,81,Clear,"7 mph, In From CF"
777711,Kauffman Stadium,76,Clear,"7 mph, L To R"
777714,Daikin Park,73,Roof Closed,"0 mph, None"
777710,Chase Field,76,Roof Closed,"0 mph, None"
777707,Petco Park,68,Partly Cloudy,"9 mph, Out To RF"
777713,T-Mobile Park,72,Partly Cloudy,"9 mph, In From LF"
777708,Dodger Stadium,76,Clear,"6 mph, Out To RF"
777704,Wrigley Field,56,Partly Cloudy,"11 mph, In From LF"
777701,Rogers Centre,68,Roof Closed,"0 mph, None"
777697,Globe Life Field,86,Sunny,"3 mph, Out To RF"
777699,Oriole Park at Camden Yards,74,Partly Cloudy,"11 mph, Out To RF"
777702,Citizens Bank Park,71,Overcast,"14 mph, L To R"
777703,Progressive Field,55,Partly Cloudy,"16 mph, In From LF"
777694,Kauffman Stadium,84,Sunny,"10 mph, Out To RF"
777700,Citi Field,66,Partly Cloudy,"14 mph, Out To RF"
777693,Daikin Park,73,Roof Closed,"0 mph, None"
777706,Truist Park,77,Sunny,"14 mph, Out To LF"
777705,loanDepot park,72,Roof Closed,"0 mph, None"
777695,T-Mobile Park,57,Roof Closed,"0 mph, None"
777698,Dodger Stadium,84,Partly Cloudy,"5 mph, L To R"
777691,Petco Park,71,Partly Cloudy,"5 mph, R To L"
777696,Chase Field,76,Roof Closed,"0 mph, None"
777678,Globe Life Field,74,Roof Closed,"0 mph, None"
777692,Truist Park,77,Partly Cloudy,"7 mph, Out To LF"
777684,Oriole Park at Camden Yards,70,Sunny,"5 mph, Out To RF"
777688,Citizens Bank Park,68,Partly Cloudy,"15 mph, L To R"
777685,Rogers Centre,68,Roof Closed,"0 mph, None"
777683,Progressive Field,58,Partly Cloudy,"10 mph, In From LF"
777686,Citi Field,64,Partly Cloudy,"14 mph, Out To RF"
777689,loanDepot park,72,Roof Closed,"0 mph, None"
777677,Kauffman Stadium,84,Partly Cloudy,"3 mph, R To L"
777690,Daikin Park,73,Roof Closed,"0 mph, None"
777687,Wrigley Field,59,Sunny,"11 mph, In From RF"
777679,Chase Field,76,Roof Closed,"0 mph, None"
777680,T-Mobile Park,63,Partly Cloudy,"7 mph, L To R"
777681,Petco Park,72,Overcast,"10 mph, L To R"
777682,Dodger Stadium,81,Cloudy,"2 mph, L To R"
777673,loanDepot park,72,Roof Closed,"0 mph, None"
777670,Fenway Park,70,Partly Cloudy,"3 mph, Out To RF"
777671,Great American Ball Park,77,Clear,"5 mph, In From RF"
777674,Rate Field,84,Partly Cloudy,"9 mph, In From RF"
777676,Oracle Park,60,Partly Cloudy,"11 mph, Out To CF"
777669,Sutter Health Park,78,Clear,"10 mph, L To R"
777675,Dodger Stadium,69,Clear,"8 mph, Out To RF"
777663,PNC Park,83,Clear,"7 mph, R To L"
777666,loanDepot park,72,Roof Closed,"0 mph, None"
777659,Nationals Park,81,Clear,"7 mph, Out To LF"
777664,Yankee Stadium,74,Clear,"7 mph, R To L"
777665,Rogers Centre,69,Clear,"9 mph, Out To CF"
777667,Fenway Park,71,Clear,"3 mph, R To L"
777668,Great American Ball Park,84,Clear,"7 mph, In From RF"
777672,Truist Park,84,Clear,"10 mph, In From CF"
777662,George M. Steinbrenner Field,78,Cloudy,"8 mph, Out To CF"
777661,Rate Field,84,Cloudy,"16 mph, Out To LF"
777660,Busch Stadium,86,Clear,"16 mph, Out To LF"
777655,T-Mobile Park,73,Clear,"5 mph, Out To LF"
777656,Oracle Park,61,Clear,"10 mph, Out To CF"
777658,Sutter Health Park,84,Clear,"10 mph, Varies"
777657,Dodger Stadium,62,Overcast,"2 mph, Calm"
777652,loanDepot park,72,Roof Closed,"0 mph, None"
777647,Great American Ball Park,85,Sunny,"13 mph, R To L"
777649,Fenway Park,84,Cloudy,"10 mph, Out To RF"
777648,PNC Park,86,Partly Cloudy,"8 mph, R To L"
777650,Nationals Park,86,Clear,"11 mph, Out To CF"
777653,Yankee Stadium,78,Clear,"13 mph, L To R"
777651,Rogers Centre,68,Roof Closed,"0 mph, None"
777654,Truist Park,70,Rain,"9 mph, L To R"
777646,George M. Steinbrenner Field,76,Cloudy,"8 mph, R To L"
777639,Rate Field,59,Partly Cloudy,"6 mph, L To R"
777645,T-Mobile Park,68,Partly Cloudy,"3 mph, Out To CF"
777641,Oracle Park,58,Partly Cloudy,"12 mph, Out To CF"
777643,Sutter Health Park,85,Clear,"11 mph, Varies"
777638,Dodger Stadium,66,Clear,"5 mph, Out To CF"
777642,Busch Stadium,67,Partly Cloudy,"6 mph, In From LF"
777640,Truist Park,74,Cloudy,"3 mph, L To R"
777642,Busch Stadium,67,Partly Cloudy,"6 mph, In From LF"
777635,Busch Stadium,73,Cloudy,"7 mph, L To R"
777634,Rate Field,65,Cloudy,"6 mph, L To R"
777637,Rogers Centre,68,Roof Closed,"0 mph, None"
777636,Sutter Health Park,80,Sunny,"10 mph, Out To CF"
777628,T-Mobile Park,67,Sunny,"6 mph, L To R"
777633,Oracle Park,64,Sunny,"12 mph, Out To CF"
777631,Dodger Stadium,74,Sunny,"2 mph, Calm"
777630,PNC Park,69,Overcast,"6 mph, Out To RF"
777632,Nationals Park,84,Partly Cloudy,"2 mph, Out To CF"
777644,Yankee Stadium,86,Partly Cloudy,"8 mph, Out To LF"
777629,George M. Steinbrenner Field,87,Overcast,"7 mph, Out To CF"
777625,George M. Steinbrenner Field,87,Partly Cloudy,"8 mph, Out To CF"
777621,PNC Park,69,Rain,"3 mph, Out To CF"
777624,Nationals Park,81,Cloudy,"6 mph, Out To LF"
777627,Yankee Stadium,79,Cloudy,"6 mph, R To L"
777623,Great American Ball Park,79,Partly Cloudy,"5 mph, Out To LF"
777626,Comerica Park,72,Partly Cloudy,"7 mph, L To R"
777622,Progressive Field,66,Overcast,"7 mph, In From CF"
777618,Rate Field,67,Partly Cloudy,"11 mph, Out To RF"
777615,Target Field,71,Partly Cloudy,"4 mph, In From LF"
777617,American Family Field,70,Clear,"5 mph, L To R"
777620,Busch Stadium,71,Cloudy,"6 mph, In From LF"
777616,Coors Field,54,Partly Cloudy,"4 mph, R To L"
777614,Angel Stadium,70,Partly Cloudy,"10 mph, Out To CF"
777613,Sutter Health Park,85,Clear,"10 mph, Out To CF"
777619,Oracle Park,61,Partly Cloudy,"19 mph, Varies"
777609,Comerica Park,77,Sunny,"9 mph, L To R"
777623,Great American Ball Park,79,Partly Cloudy,"5 mph, Out To LF"
777600,Target Field,77,Partly Cloudy,"7 mph, R To L"
777601,Busch Stadium,71,Overcast,"6 mph, In From CF"
777610,Nationals Park,82,Partly Cloudy,"7 mph, In From LF"
777607,PNC Park,77,Partly Cloudy,"5 mph, Out To CF"
777598,Oracle Park,61,Partly Cloudy,"16 mph, Varies"
777612,Great American Ball Park,77,Partly Cloudy,"3 mph, Out To RF"
777608,Progressive Field,68,Partly Cloudy,"3 mph, Out To RF"
777606,Rate Field,72,Partly Cloudy,"9 mph, In From LF"
777611,George M. Steinbrenner Field,89,Partly Cloudy,"10 mph, Out To CF"
777605,Yankee Stadium,73,Partly Cloudy,"11 mph, In From LF"
777597,American Family Field,69,Cloudy,"6 mph, In From CF"
777603,Angel Stadium,72,Clear,"8 mph, R To L"
777604,Coors Field,81,Clear,"5 mph, L To R"
777599,Sutter Health Park,83,Partly Cloudy,"12 mph, Varies"
777592,George M. Steinbrenner Field,89,Partly Cloudy,"8 mph, Out To CF"
777586,American Family Field,77,Partly Cloudy,"9 mph, In From RF"
777596,Nationals Park,72,Overcast,"8 mph, R To L"
777595,PNC Park,64,Overcast,"9 mph, In From RF"
777602,Great American Ball Park,72,Overcast,"12 mph, Out To CF"
777594,Comerica Park,71,Partly Cloudy,"10 mph, In From LF"
777591,Progressive Field,69,Cloudy,"8 mph, Out To LF"
777585,Target Field,70,Partly Cloudy,"16 mph, Out To CF"
777590,Rate Field,78,Partly Cloudy,"4 mph, In From RF"
777582,Busch Stadium,78,Sunny,"8 mph, Out To RF"
777583,Coors Field,67,Cloudy,"5 mph, In From LF"
777588,Sutter Health Park,82,Sunny,"9 mph, Out To CF"
777587,Oracle Park,60,Partly Cloudy,"16 mph, Varies"
777589,Angel Stadium,75,Sunny,"8 mph, Out To RF"
777593,Yankee Stadium,68,Cloudy,"11 mph, In From RF"
777580,Progressive Field,71,Partly Cloudy,"10 mph, Out To RF"
777574,PNC Park,73,Cloudy,"6 mph, R To L"
777578,Citizens Bank Park,71,Cloudy,"8 mph, R To L"
777584,Fenway Park,61,Overcast,"4 mph, In From RF"
777575,American Family Field,70,Roof Closed,"0 mph, None"
777581,Busch Stadium,76,Partly Cloudy,"11 mph, L To R"
777576,Angel Stadium,70,Clear,"8 mph, Out To CF"
777579,Petco Park,65,Partly Cloudy,"7 mph, L To R"
777577,Chase Field,78,Roof Closed,"0 mph, None"
777573,Oriole Park at Camden Yards,81,Partly Cloudy,"7 mph, Out To RF"
777569,Progressive Field,72,Cloudy,"7 mph, L To R"
777566,PNC Park,74,Clear,"12 mph, Out To CF"
777571,Citizens Bank Park,77,Partly Cloudy,"12 mph, L To R"
777570,Citi Field,73,Partly Cloudy,"7 mph, Out To LF"
777565,Fenway Park,59,Overcast,"2 mph, Out To CF"
777557,Target Field,81,Partly Cloudy,"7 mph, Out To LF"
777572,Kauffman Stadium,84,Clear,"6 mph, Out To CF"
777568,American Family Field,69,Partly Cloudy,"8 mph, L To R"
777558,Busch Stadium,79,Clear,"3 mph, Out To RF"
777567,Daikin Park,73,Roof Closed,"0 mph, None"
777563,Coors Field,84,Cloudy,"5 mph, Out To CF"
777564,Angel Stadium,73,Clear,"9 mph, Out To CF"
777560,Petco Park,65,Cloudy,"6 mph, L To R"
777559,Chase Field,78,Roof Closed,"0 mph, None"
777552,PNC Park,73,Sunny,"9 mph, Out To LF"
777553,Citizens Bank Park,81,Sunny,"8 mph, Out To CF"
777549,Progressive Field,77,Sunny,"9 mph, L To R"
777554,American Family Field,83,Cloudy,"13 mph, In From RF"
777545,Busch Stadium,83,Partly Cloudy,"6 mph, R To L"
777548,Chase Field,78,Roof Closed,"0 mph, None"
777542,Angel Stadium,78,Sunny,"8 mph, Out To RF"
777543,Petco Park,66,Partly Cloudy,"8 mph, Out To RF"
777562,Oriole Park at Camden Yards,84,Clear,"6 mph, Out To RF"
777555,Citi Field,81,Clear,"9 mph, Out To RF"
777561,Fenway Park,80,Partly Cloudy,"3 mph, Out To RF"
777556,Target Field,68,Partly Cloudy,"6 mph, In From LF"
777551,Kauffman Stadium,86,Partly Cloudy,"9 mph, R To L"
777550,Daikin Park,73,Roof Closed,"0 mph, None"
777547,Coors Field,81,Partly Cloudy,"10 mph, R To L"
777544,Citi Field,87,Sunny,"9 mph, Out To RF"
777533,Target Field,68,Overcast,"9 mph, In From CF"
777534,Coors Field,87,Partly Cloudy,"7 mph, R To L"
777540,Oriole Park at Camden Yards,88,Partly Cloudy,"7 mph, In From CF"
777536,Kauffman Stadium,78,Cloudy,"8 mph, L To R"
777532,American Family Field,72,Roof Closed,"0 mph, None"
777541,Wrigley Field,64,Cloudy,"10 mph, In From LF"
777546,Daikin Park,73,Roof Closed,"0 mph, None"
777526,Wrigley Field,69,Cloudy,"4 mph, R To L"
777531,Citizens Bank Park,82,Partly Cloudy,"10 mph, R To L"
777530,Nationals Park,86,Cloudy,"7 mph, In From RF"
777539,Oriole Park at Camden Yards,86,Cloudy,"6 mph, R To L"
777538,Comerica Park,68,Overcast,"9 mph, In From LF"
777528,Citi Field,77,Cloudy,"7 mph, R To L"
777537,Fenway Park,65,Clear,"5 mph, In From RF"
777535,Truist Park,84,Partly Cloudy,"7 mph, In From RF"
777524,Globe Life Field,74,Roof Closed,"0 mph, None"
777529,Kauffman Stadium,80,Cloudy,"7 mph, In From CF"
777527,Daikin Park,73,Roof Closed,"0 mph, None"
777525,American Family Field,70,Roof Closed,"0 mph, None"
777521,Chase Field,78,Roof Closed,"0 mph, None"
777520,T-Mobile Park,62,Cloudy,"5 mph, Out To CF"
777522,Dodger Stadium,70,Partly Cloudy,"1 mph, L To R"
777514,Nationals Park,80,Partly Cloudy,"2 mph, In From LF"
777517,Comerica Park,71,Partly Cloudy,"10 mph, In From LF"
777513,Wrigley Field,64,Cloudy,"8 mph, In From CF"
777519,Oriole Park at Camden Yards,83,Overcast,"2 mph, In From CF"
777509,Citizens Bank Park,65,Overcast,"9 mph, In From RF"
777508,Globe Life Field,74,Roof Closed,"0 mph, None"
777511,Kauffman Stadium,86,Partly Cloudy,"12 mph, R To L"
777518,Citi Field,64,Cloudy,"9 mph, In From RF"
777510,Daikin Park,73,Roof Closed,"0 mph, None"
777523,Truist Park,86,Overcast,"8 mph, Out To RF"
777512,American Family Field,67,Sunny,"10 mph, L To R"
777515,Chase Field,78,Roof Closed,"0 mph, None"
777516,Fenway Park,61,Cloudy,"4 mph, Varies"
777507,T-Mobile Park,67,Partly Cloudy,"7 mph, L To R"
777506,Dodger Stadium,72,Partly Cloudy,"8 mph, Varies"
777505,Comerica Park,75,Sunny,"9 mph, In From LF"
777501,Oriole Park at Camden Yards,68,Cloudy,"5 mph, In From RF"
777499,Citizens Bank Park,62,Cloudy,"7 mph, In From RF"
777504,Truist Park,81,Partly Cloudy,"6 mph, In From RF"
777503,Nationals Park,65,Cloudy,"6 mph, In From RF"
777500,Fenway Park,64,Partly Cloudy,"3 mph, In From RF"
777502,Citi Field,62,Cloudy,"4 mph, In From RF"
777496,Kauffman Stadium,83,Partly Cloudy,"2 mph, In From RF"
777494,Daikin Park,73,Roof Closed,"0 mph, None"
777492,American Family Field,70,Partly Cloudy,"6 mph, In From LF"
777497,Wrigley Field,75,Partly Cloudy,"8 mph, In From CF"
777493,Globe Life Field,74,Roof Closed,"0 mph, None"
777491,Chase Field,78,Roof Closed,"0 mph, None"
777495,T-Mobile Park,65,Partly Cloudy,"4 mph, L To R"
777498,Dodger Stadium,81,Sunny,"3 mph, Out To RF"
777483,loanDepot park,72,Roof Closed,"0 mph, None"
777488,Nationals Park,66,Cloudy,"5 mph, In From RF"
777487,Yankee Stadium,68,Cloudy,"9 mph, In From CF"
777484,George M. Steinbrenner Field,89,Partly Cloudy,"7 mph, L To R"
777486,T-Mobile Park,69,Clear,"5 mph, L To R"
777485,Sutter Health Park,82,Clear,"10 mph, Out To RF"
777490,Dodger Stadium,77,Clear,"4 mph, L To R"
777481,loanDepot park,72,Roof Closed,"0 mph, None"
777475,Comerica Park,83,Clear,"12 mph, In From RF"
777480,Nationals Park,80,Partly Cloudy,"2 mph, Out To LF"
777476,Yankee Stadium,67,Overcast,"5 mph, In From RF"
777479,Rogers Centre,69,Clear,"8 mph, Out To LF"
777478,Great American Ball Park,77,Overcast,"6 mph, In From RF"
777489,Truist Park,72,Cloudy,"9 mph, L To R"
777477,George M. Steinbrenner Field,87,Partly Cloudy,"10 mph, Out To CF"
777467,Rate Field,85,Partly Cloudy,"10 mph, R To L"
777468,Globe Life Field,74,Roof Closed,"0 mph, None"
777482,Wrigley Field,90,Partly Cloudy,"9 mph, Out To CF"
777473,T-Mobile Park,73,Partly Cloudy,"9 mph, Out To CF"
777472,Oracle Park,63,Clear,"10 mph, Out To CF"
777469,Sutter Health Park,89,Clear,"9 mph, Out To CF"
777471,Dodger Stadium,81,Clear,"2 mph, Calm"
777453,T-Mobile Park,70,Partly Cloudy,"5 mph, In From LF"
777465,loanDepot park,72,Roof Closed,"0 mph, None"
777461,Nationals Park,78,Cloudy,"12 mph, Out To RF"
777466,Yankee Stadium,80,Overcast,"8 mph, In From RF"
777462,Rogers Centre,68,Roof Closed,"0 mph, None"
777474,Great American Ball Park,75,Overcast,"14 mph, R To L"
777470,Truist Park,77,Partly Cloudy,"7 mph, In From RF"
777463,George M. Steinbrenner Field,87,Partly Cloudy,"6 mph, Out To CF"
777460,Globe Life Field,74,Roof Closed,"0 mph, None"
777454,Oracle Park,69,Clear,"10 mph, Out To CF"
777456,Sutter Health Park,95,Clear,"8 mph, Out To CF"
777457,Dodger Stadium,77,Clear,"5 mph, L To R"
777464,Comerica Park,71,Clear,"9 mph, Out To LF"
777458,Rate Field,79,Partly Cloudy,"6 mph, L To R"
777452,Great American Ball Park,75,Partly Cloudy,"10 mph, Varies"
777445,Nationals Park,90,Cloudy,"12 mph, R To L"
777449,Yankee Stadium,89,Partly Cloudy,"11 mph, Out To LF"
777451,Comerica Park,64,Cloudy,"13 mph, Out To CF"
777464,Comerica Park,71,Clear,"9 mph, Out To LF"
777447,Rate Field,76,Partly Cloudy,"6 mph, Out To RF"
777458,Rate Field,79,Partly Cloudy,"6 mph, L To R"
777450,Wrigley Field,79,Sunny,"8 mph, R To L"
777443,Globe Life Field,74,Roof Closed,"0 mph, None"
777448,Rogers Centre,74,Cloudy,"20 mph, L To R"
777440,Oracle Park,61,Sunny,"21 mph, Out To CF"
777444,loanDepot park,72,Roof Closed,"0 mph, None"
777455,Truist Park,82,Partly Cloudy,"11 mph, Out To LF"
777446,George M. Steinbrenner Field,82,Cloudy,"5 mph, R To L"
777441,Sutter Health Park,77,Clear,"16 mph, Out To CF"
777442,Dodger Stadium,70,Clear,"3 mph, L To R"
777436,Wrigley Field,82,Partly Cloudy,"12 mph, Out To CF"
777432,PNC Park,78,Cloudy,"5 mph, Out To CF"
777431,George M. Steinbrenner Field,77,Rain,"5 mph, L To R"
777438,Yankee Stadium,82,Partly Cloudy,"10 mph, Out To LF"
777435,Rogers Centre,69,Cloudy,"17 mph, Out To RF"
777439,loanDepot park,72,Roof Closed,"0 mph, None"
777433,Busch Stadium,89,Clear,"9 mph, Out To LF"
777437,Citizens Bank Park,84,Partly Cloudy,"14 mph, Out To RF"
777434,Target Field,85,Partly Cloudy,"11 mph, In From LF"
777430,Coors Field,98,Clear,"12 mph, Out To CF"
777428,Angel Stadium,71,Clear,"9 mph, Out To CF"
777426,Petco Park,67,Partly Cloudy,"7 mph, L To R"
777429,Sutter Health Park,75,Clear,"14 mph, Out To CF"
777427,Dodger Stadium,69,Clear,"8 mph, Out To RF"
777425,Oracle Park,61,Partly Cloudy,"19 mph, Out To CF"
777420,George M. Steinbrenner Field,87,Partly Cloudy,"5 mph, R To L"
777422,Yankee Stadium,86,Sunny,"5 mph, Calm"
777412,Target Field,89,Partly Cloudy,"15 mph, R To L"
777415,Busch Stadium,92,Sunny,"13 mph, R To L"
777419,Wrigley Field,94,Sunny,"20 mph, Out To CF"
777418,Rogers Centre,68,Roof Closed,"0 mph, None"
777417,Oracle Park,67,Sunny,"15 mph, Out To CF"
777421,PNC Park,85,Partly Cloudy,"10 mph, Out To LF"
777424,loanDepot park,72,Roof Closed,"0 mph, None"
777413,Petco Park,66,Cloudy,"10 mph, L To R"
777423,Citizens Bank Park,88,Partly Cloudy,"12 mph, Out To CF"
777410,Coors Field,98,Clear,"7 mph, L To R"
777414,Angel Stadium,72,Clear,"10 mph, R To L"
777411,Sutter Health Park,79,Clear,"8 mph, Out To RF"
777416,Dodger Stadium,69,Clear,"3 mph, Out To CF"
777406,Yankee Stadium,74,Partly Cloudy,"15 mph, Out To LF"
777409,George M. Steinbrenner Field,89,Sunny,"5 mph, In From CF"
777404,PNC Park,91,Sunny,"10 mph, Out To CF"
777408,Rogers Centre,68,Roof Closed,"0 mph, None"
777402,loanDepot park,72,Roof Closed,"0 mph, None"
777401,Target Field,92,Partly Cloudy,"17 mph, R To L"
777407,Busch Stadium,93,Sunny,"11 mph, Out To LF"
777403,Wrigley Field,92,Sunny,"6 mph, Out To CF"
777399,Coors Field,89,Sunny,"9 mph, In From CF"
777400,Sutter Health Park,77,Sunny,"9 mph, L To R"
777395,Oracle Park,69,Sunny,"13 mph, Varies"
777397,Angel Stadium,77,Sunny,"8 mph, R To L"
777398,Dodger Stadium,77,Sunny,"8 mph, L To R"
777396,Petco Park,70,Sunny,"9 mph, L To R"
777405,Citizens Bank Park,87,Clear,"8 mph, Out To RF"
777394,Oriole Park at Camden Yards,100,Clear,"5 mph, Out To RF"
777389,Citi Field,87,Partly Cloudy,"9 mph, Out To CF"
777390,Great American Ball Park,92,Clear,"7 mph, R To L"
777388,Target Field,80,Clear,"11 mph, L To R"
777393,Rate Field,93,Clear,"6 mph, R To L"
777391,American Family Field,91,Clear,"15 mph, In From RF"
777392,Busch Stadium,94,Clear,"8 mph, Out To LF"
777381,Angel Stadium,70,Clear,"9 mph, Out To LF"
777382,Petco Park,64,Partly Cloudy,"8 mph, L To R"
777380,Oriole Park at Camden Yards,100,Clear,"3 mph, L To R"
777386,Comerica Park,84,Cloudy,"5 mph, Out To LF"
777384,Progressive Field,90,Partly Cloudy,"6 mph, L To R"
777387,Citi Field,97,Clear,"9 mph, L To R"
777385,Great American Ball Park,91,Clear,"5 mph, Out To LF"
777378,Kauffman Stadium,90,Clear,"8 mph, R To L"
777375,Target Field,80,Partly Cloudy,"4 mph, In From LF"
777383,Rate Field,79,Partly Cloudy,"8 mph, In From LF"
777374,American Family Field,82,Roof Closed,"0 mph, None"
777373,Busch Stadium,93,Partly Cloudy,"5 mph, R To L"
777377,Daikin Park,73,Roof Closed,"0 mph, None"
777379,Coors Field,70,Cloudy,"3 mph, L To R"
777376,Angel Stadium,73,Clear,"8 mph, R To L"
777372,Petco Park,67,Clear,"8 mph, L To R"
777364,Oracle Park,57,Partly Cloudy,"16 mph, Out To CF"
777370,Rate Field,78,Partly Cloudy,"4 mph, Out To RF"
777361,American Family Field,74,Overcast,"7 mph, L To R"
777362,Angel Stadium,78,Sunny,"8 mph, Out To RF"
777360,Petco Park,71,Sunny,"12 mph, L To R"
777365,Oriole Park at Camden Yards,89,Partly Cloudy,"3 mph, In From LF"
777371,Comerica Park,76,Partly Cloudy,"7 mph, In From LF"
777368,Progressive Field,82,Partly Cloudy,"7 mph, In From CF"
777369,Citi Field,93,Clear,"5 mph, L To R"
777367,Great American Ball Park,89,Partly Cloudy,"6 mph, Out To CF"
777359,Kauffman Stadium,90,Clear,"10 mph, R To L"
777363,Target Field,66,Overcast,"9 mph, In From LF"
777357,Busch Stadium,88,Partly Cloudy,"8 mph, Out To LF"
777366,Daikin Park,73,Roof Closed,"0 mph, None"
777358,Coors Field,80,Partly Cloudy,"5 mph, Out To LF"
777355,Oracle Park,60,Partly Cloudy,"15 mph, Out To CF"
777351,Comerica Park,88,Cloudy,"7 mph, Out To CF"
777354,Progressive Field,85,Partly Cloudy,"6 mph, In From RF"
777356,Target Field,63,Overcast,"6 mph, L To R"
777353,Kauffman Stadium,87,Partly Cloudy,"14 mph, R To L"
777350,Daikin Park,73,Roof Closed,"0 mph, None"
777348,Busch Stadium,89,Cloudy,"8 mph, R To L"
777344,Coors Field,83,Partly Cloudy,"6 mph, R To L"
777347,Oracle Park,63,Sunny,"13 mph, Out To CF"
777352,Citi Field,69,Cloudy,"11 mph, In From RF"
777341,PNC Park,73,Partly Cloudy,"6 mph, In From CF"
777343,Oriole Park at Camden Yards,75,Cloudy,"8 mph, In From RF"
777337,Yankee Stadium,71,Cloudy,"9 mph, In From RF"
777346,Great American Ball Park,84,Partly Cloudy,"7 mph, R To L"
777349,Progressive Field,87,Cloudy,"9 mph, Out To CF"
777345,Fenway Park,71,Partly Cloudy,"11 mph, R To L"
777334,Comerica Park,84,Clear,"11 mph, In From RF"
777342,Truist Park,71,Rain,"9 mph, Out To LF"
777338,Rate Field,87,Partly Cloudy,"13 mph, Out To LF"
777340,Globe Life Field,74,Roof Closed,"0 mph, None"
777336,Daikin Park,73,Roof Closed,"0 mph, None"
777335,Kauffman Stadium,87,Clear,"8 mph, R To L"
777339,American Family Field,79,Partly Cloudy,"2 mph, In From CF"
777331,Angel Stadium,75,Clear,"8 mph, Out To CF"
777332,Chase Field,76,Roof Closed,"0 mph, None"
777326,Yankee Stadium,76,Partly Cloudy,"6 mph, Out To RF"
777324,Comerica Park,82,Sunny,"10 mph, Out To LF"
777325,PNC Park,82,Overcast,"7 mph, Out To CF"
777330,Oriole Park at Camden Yards,91,Partly Cloudy,"4 mph, R To L"
777322,Globe Life Field,74,Roof Closed,"0 mph, None"
777319,Kauffman Stadium,87,Partly Cloudy,"11 mph, R To L"
777328,Great American Ball Park,91,Overcast,"6 mph, Out To LF"
777329,Progressive Field,82,Partly Cloudy,"8 mph, In From LF"
777323,Fenway Park,70,Overcast,"4 mph, Varies"
777327,Rate Field,81,Sunny,"10 mph, In From LF"
777318,Chase Field,76,Roof Closed,"0 mph, None"
777321,American Family Field,75,Sunny,"8 mph, In From RF"
777320,Daikin Park,73,Roof Closed,"0 mph, None"
777333,Truist Park,88,Cloudy,"8 mph, L To R"
777315,Angel Stadium,80,Clear,"7 mph, R To L"
777309,Progressive Field,82,Sunny,"8 mph, In From CF"
777313,PNC Park,80,Partly Cloudy,"2 mph, Out To LF"
777317,Oriole Park at Camden Yards,94,Partly Cloudy,"3 mph, In From LF"
777310,Fenway Park,85,Sunny,"3 mph, In From LF"
777316,Truist Park,87,Sunny,"5 mph, Out To LF"
777307,Yankee Stadium,88,Partly Cloudy,"10 mph, Out To RF"
777312,Great American Ball Park,84,Partly Cloudy,"3 mph, In From RF"
777308,Daikin Park,73,Roof Closed,"0 mph, None"
777304,Kauffman Stadium,84,Cloudy,"8 mph, R To L"
777311,Rate Field,89,Partly Cloudy,"4 mph, In From CF"
777301,American Family Field,88,Partly Cloudy,"8 mph, In From RF"
777302,Globe Life Field,74,Roof Closed,"0 mph, None"
777305,Angel Stadium,82,Sunny,"6 mph, Out To CF"
777303,Chase Field,76,Roof Closed,"0 mph, None"
777314,Comerica Park,86,Clear,"8 mph, In From RF"
777306,Citizens Bank Park,77,Cloudy,"4 mph, Out To LF"
777299,PNC Park,76,Partly Cloudy,"7 mph, Out To LF"
777295,Rogers Centre,68,Roof Closed,"0 mph, None"
777300,Fenway Park,82,Clear,"5 mph, Out To LF"
777296,George M. Steinbrenner Field,82,Partly Cloudy,"10 mph, Varies"
777292,Globe Life Field,74,Roof Closed,"0 mph, None"
777297,T-Mobile Park,82,Clear,"10 mph, L To R"
777291,Chase Field,78,Roof Closed,"0 mph, None"
777283,Rogers Centre,77,Sunny,"9 mph, Out To RF"
777288,PNC Park,76,Partly Cloudy,"6 mph, Out To LF"
777293,loanDepot park,72,Roof Closed,"0 mph, None"
777286,George M. Steinbrenner Field,84,Partly Cloudy,"10 mph, Out To CF"
777294,Fenway Park,84,Partly Cloudy,"4 mph, Out To CF"
777298,Truist Park,78,Partly Cloudy,"8 mph, L To R"
777287,Wrigley Field,80,Clear,"6 mph, In From RF"
777282,Globe Life Field,74,Roof Closed,"0 mph, None"
777285,Coors Field,85,Cloudy,"9 mph, Out To LF"
777281,T-Mobile Park,80,Clear,"9 mph, In From LF"
777278,Chase Field,76,Roof Closed,"0 mph, None"
777280,Dodger Stadium,69,Clear,"4 mph, L To R"
777290,Citizens Bank Park,84,Partly Cloudy,"7 mph, Out To RF"
777284,Nationals Park,80,Partly Cloudy,"2 mph, In From LF"
777289,Citi Field,81,Cloudy,"4 mph, Out To LF"
777271,George M. Steinbrenner Field,84,Overcast,"15 mph, Varies"
777272,PNC Park,78,Sunny,"3 mph, L To R"
777284,Nationals Park,80,Partly Cloudy,"2 mph, In From LF"
777265,Nationals Park,84,Partly Cloudy,"5 mph, R To L"
777273,Citizens Bank Park,80,Cloudy,"4 mph, Out To RF"
777290,Citizens Bank Park,84,Partly Cloudy,"7 mph, Out To RF"
777289,Citi Field,81,Cloudy,"4 mph, Out To LF"
777276,Citi Field,81,Clear,"4 mph, Out To LF"
777294,Fenway Park,84,Partly Cloudy,"4 mph, Out To CF"
777275,loanDepot park,72,Roof Closed,"0 mph, None"
777274,Rogers Centre,74,Partly Cloudy,"11 mph, Out To RF"
777277,Fenway Park,82,Cloudy,"8 mph, Out To LF"
777279,Truist Park,89,Clear,"9 mph, Out To LF"
777266,Wrigley Field,84,Partly Cloudy,"5 mph, In From RF"
777268,Globe Life Field,74,Roof Closed,"0 mph, None"
777269,Coors Field,92,Partly Cloudy,"8 mph, Out To LF"
777262,T-Mobile Park,71,Cloudy,"8 mph, L To R"
777270,Chase Field,78,Roof Closed,"0 mph, None"
777267,Dodger Stadium,69,Clear,"3 mph, Out To RF"
777263,loanDepot park,72,Roof Closed,"0 mph, None"
777264,Coors Field,90,Partly Cloudy,"5 mph, In From CF"
777258,Nationals Park,92,Clear,"3 mph, Out To RF"
777260,Rogers Centre,74,Clear,"14 mph, Out To RF"
777257,Citi Field,71,Cloudy,"5 mph, L To R"
777261,Truist Park,88,Partly Cloudy,"6 mph, Out To CF"
777259,Wrigley Field,84,Clear,"10 mph, In From RF"
777256,Chase Field,78,Roof Closed,"0 mph, None"
777251,T-Mobile Park,68,Clear,"7 mph, L To R"
777253,Dodger Stadium,73,Clear,"2 mph, Out To RF"
777245,Nationals Park,83,Sunny,"3 mph, In From CF"
777255,Citizens Bank Park,82,Sunny,"8 mph, In From LF"
777246,Wrigley Field,80,Cloudy,"3 mph, Out To LF"
777250,Citi Field,82,Sunny,"7 mph, L To R"
777236,T-Mobile Park,71,Partly Cloudy,"6 mph, Out To RF"
777247,Target Field,92,Partly Cloudy,"15 mph, Out To LF"
777239,Petco Park,74,Sunny,"10 mph, L To R"
777242,Rogers Centre,75,Clear,"6 mph, Out To LF"
777249,Progressive Field,85,Clear,"3 mph, In From CF"
777254,loanDepot park,72,Roof Closed,"0 mph, None"
777252,Truist Park,90,Partly Cloudy,"8 mph, L To R"
777243,Coors Field,87,Clear,"7 mph, L To R"
777235,Dodger Stadium,77,Clear,"6 mph, Out To RF"
777248,Chase Field,76,Roof Closed,"0 mph, None"
777244,Sutter Health Park,77,Clear,"14 mph, Varies"
777230,Target Field,80,Overcast,"9 mph, Out To CF"
777229,Wrigley Field,85,Partly Cloudy,"14 mph, Out To CF"
777231,Rogers Centre,75,Sunny,"11 mph, R To L"
777228,Nationals Park,89,Partly Cloudy,"4 mph, Out To LF"
777233,Citizens Bank Park,88,Sunny,"6 mph, Out To CF"
777234,Chase Field,78,Roof Closed,"0 mph, None"
777237,Truist Park,91,Sunny,"9 mph, Out To RF"
777241,Citi Field,85,Sunny,"11 mph, Out To LF"
777238,loanDepot park,72,Roof Closed,"0 mph, None"
777240,Progressive Field,89,Clear,"3 mph, Out To CF"
777221,Dodger Stadium,82,Sunny,"5 mph, L To R"
777232,Coors Field,78,Cloudy,"4 mph, R To L"
777223,Petco Park,70,Clear,"6 mph, L To R"
777227,Sutter Health Park,86,Clear,"9 mph, Out To RF"
777225,T-Mobile Park,72,Clear,"9 mph, In From LF"
777222,Truist Park,86,Sunny,"4 mph, L To R"
777213,Nationals Park,86,Partly Cloudy,"5 mph, Out To LF"
777217,Citizens Bank Park,88,Partly Cloudy,"6 mph, Out To CF"
777214,Rogers Centre,68,Roof Closed,"0 mph, None"
777226,Progressive Field,91,Partly Cloudy,"9 mph, Out To RF"
777216,Citi Field,87,Sunny,"11 mph, Out To LF"
777224,loanDepot park,72,Roof Closed,"0 mph, None"
777220,Target Field,80,Sunny,"7 mph, L To R"
777215,Coors Field,88,Partly Cloudy,"6 mph, R To L"
777218,Chase Field,76,Roof Closed,"0 mph, None"
777206,Dodger Stadium,84,Sunny,"2 mph, L To R"
777205,T-Mobile Park,72,Sunny,"8 mph, L To R"
777219,Wrigley Field,69,Overcast,"14 mph, In From LF"
777207,Petco Park,70,Clear,"11 mph, L To R"
777210,Sutter Health Park,88,Clear,"9 mph, R To L"
777211,Comerica Park,74,Partly Cloudy,"4 mph, In From LF"
777209,Fenway Park,83,Partly Cloudy,"7 mph, Out To LF"
777208,Great American Ball Park,78,Overcast,"6 mph, Out To LF"
777204,Kauffman Stadium,89,Partly Cloudy,"8 mph, R To L"
777212,Rate Field,75,Clear,"8 mph, L To R"
777201,American Family Field,68,Partly Cloudy,"8 mph, L To R"
777202,Daikin Park,73,Roof Closed,"0 mph, None"
777200,Angel Stadium,76,Clear,"6 mph, Out To CF"
777203,Petco Park,70,Clear,"8 mph, L To R"
777199,Oracle Park,61,Clear,"12 mph, Out To CF"
777198,Oriole Park at Camden Yards,81,Overcast,"6 mph, Out To CF"
777195,Comerica Park,83,Clear,"4 mph, In From RF"
777187,Yankee Stadium,88,Cloudy,"6 mph, Out To RF"
777196,Fenway Park,90,Partly Cloudy,"5 mph, L To R"
777197,Great American Ball Park,86,Partly Cloudy,"2 mph, Out To RF"
777194,Kauffman Stadium,86,Partly Cloudy,"7 mph, L To R"
777190,Target Field,82,Partly Cloudy,"8 mph, In From LF"
777188,Rate Field,77,Cloudy,"2 mph, R To L"
777193,American Family Field,79,Partly Cloudy,"7 mph, R To L"
777191,Busch Stadium,73,Overcast,"7 mph, Out To RF"
777192,Daikin Park,73,Roof Closed,"0 mph, None"
777180,Angel Stadium,83,Clear,"8 mph, Out To CF"
777185,Petco Park,72,Clear,"10 mph, L To R"
777186,Oracle Park,63,Partly Cloudy,"13 mph, Out To CF"
777189,Sutter Health Park,85,Clear,"11 mph, Out To RF"
777172,Rate Field,80,Cloudy,"10 mph, L To R"
777175,American Family Field,71,Sunny,"9 mph, L To R"
777163,Oracle Park,64,Partly Cloudy,"10 mph, Out To CF"
777182,Comerica Park,80,Partly Cloudy,"7 mph, In From RF"
777184,Yankee Stadium,88,Partly Cloudy,"9 mph, R To L"
777179,Fenway Park,72,Partly Cloudy,"5 mph, In From RF"
777183,Great American Ball Park,82,Partly Cloudy,"3 mph, In From RF"
777177,Kauffman Stadium,91,Clear,"4 mph, R To L"
777173,Target Field,85,Partly Cloudy,"6 mph, In From LF"
777178,Busch Stadium,87,Clear,"6 mph, In From LF"
777174,Daikin Park,73,Roof Closed,"0 mph, None"
777171,Angel Stadium,82,Clear,"5 mph, R To L"
777162,Petco Park,72,Clear,"11 mph, L To R"
777176,Sutter Health Park,90,Clear,"7 mph, Varies"
777181,Oriole Park at Camden Yards,82,Partly Cloudy,"3 mph, Out To LF"
777165,Oriole Park at Camden Yards,81,Cloudy,"1 mph, Out To RF"
777181,Oriole Park at Camden Yards,82,Partly Cloudy,"3 mph, Out To LF"
777166,Target Field,81,Overcast,"9 mph, R To L"
777168,Great American Ball Park,87,Partly Cloudy,"3 mph, Out To LF"
777169,Yankee Stadium,80,Partly Cloudy,"7 mph, In From LF"
777170,Fenway Park,69,Overcast,"5 mph, In From RF"
777167,Busch Stadium,87,Clear,"8 mph, Out To LF"
777156,Sutter Health Park,99,Clear,"8 mph, Out To RF"
777159,Angel Stadium,79,Partly Cloudy,"6 mph, Varies"
777158,Petco Park,72,Clear,"8 mph, L To R"
777164,Rate Field,84,Cloudy,"7 mph, R To L"
777164,Rate Field,84,Cloudy,"7 mph, R To L"
777146,Rate Field,85,Cloudy,"8 mph, R To L"
777157,Oriole Park at Camden Yards,87,Partly Cloudy,"3 mph, Out To LF"
777153,Yankee Stadium,81,Partly Cloudy,"10 mph, R To L"
777160,Great American Ball Park,89,Clear,"6 mph, R To L"
777161,Comerica Park,83,Partly Cloudy,"7 mph, In From RF"
777155,Fenway Park,78,Partly Cloudy,"4 mph, In From RF"
777151,Kauffman Stadium,83,Overcast,"12 mph, L To R"
777154,Daikin Park,73,Roof Closed,"0 mph, None"
777148,Target Field,83,Overcast,"4 mph, Out To RF"
777149,American Family Field,76,Roof Closed,"0 mph, None"
777147,Busch Stadium,91,Partly Cloudy,"9 mph, Out To LF"
777150,Angel Stadium,74,Clear,"8 mph, Out To RF"
777139,Petco Park,68,Partly Cloudy,"7 mph, Out To RF"
777152,Sutter Health Park,96,Clear,"10 mph, Out To CF"
777143,Oracle Park,60,Clear,"9 mph, Out To CF"
777142,Yankee Stadium,84,Partly Cloudy,"6 mph, In From CF"
777145,Comerica Park,80,Partly Cloudy,"13 mph, In From RF"
777134,Target Field,77,Cloudy,"12 mph, Out To CF"
777133,Busch Stadium,83,Overcast,"11 mph, Out To CF"
777127,Oracle Park,62,Sunny,"9 mph, Out To CF"
777141,Oriole Park at Camden Yards,89,Partly Cloudy,"4 mph, Out To LF"
777140,Great American Ball Park,86,Cloudy,"9 mph, R To L"
777136,Kauffman Stadium,84,Partly Cloudy,"1 mph, In From LF"
777144,Fenway Park,80,Partly Cloudy,"4 mph, Out To CF"
777138,Rate Field,83,Cloudy,"9 mph, Out To LF"
777135,American Family Field,83,Partly Cloudy,"9 mph, R To L"
777137,Daikin Park,73,Roof Closed,"0 mph, None"
777126,Petco Park,71,Sunny,"8 mph, L To R"
777131,Angel Stadium,74,Clear,"8 mph, R To L"
777132,Sutter Health Park,87,Clear,"12 mph, Out To LF"
777130,Fenway Park,77,Sunny,"3 mph, R To L"
777129,Oriole Park at Camden Yards,87,Overcast,"4 mph, R To L"
777122,Yankee Stadium,81,Partly Cloudy,"7 mph, In From RF"
777128,Great American Ball Park,78,Partly Cloudy,"6 mph, R To L"
777121,Comerica Park,86,Sunny,"6 mph, In From RF"
777124,Kauffman Stadium,85,Sunny,"6 mph, Out To RF"
777125,Daikin Park,73,Roof Closed,"0 mph, None"
777113,Target Field,84,Partly Cloudy,"10 mph, In From RF"
777120,Rate Field,83,Cloudy,"2 mph, R To L"
777123,American Family Field,80,Sunny,"8 mph, R To L"
777118,Busch Stadium,78,Rain,"6 mph, R To L"
777119,Oracle Park,64,Sunny,"10 mph, Varies"
777116,Sutter Health Park,85,Sunny,"6 mph, Varies"
777115,Angel Stadium,79,Sunny,"6 mph, Out To CF"
777117,Petco Park,72,Sunny,"6 mph, L To R"
776320,NA,NA,NA,NA
776313,NA,NA,NA,NA
776285,NA,NA,NA,NA
776278,NA,NA,NA,NA
776221,NA,NA,NA,NA
776222,NA,NA,NA,NA
